
> takko-studio@0.2.0 check
> npm test && npm run test:luau && npm run test:plugin && npm run test:guards && npm run lint:css && npm run build && npm run test:desktop && npm run test:production && npm run test:e2e


> takko-studio@0.2.0 test
> vitest run


 RUN  v5.0.0 D:/RobloxProjects/Roblox Gen


 Test Files  95 passed (95)
      Tests  1509 passed (1509)
   Start at  22:18:39
   Duration  56.03s (tests 79%, import 18%, transform 3%)

    Isolate  95 workers spawned · ~134ms startup each (spawn + environment, per file)
             at least ~6.24s faster with isolate: false — reuses workers across files instead of one per file


> takko-studio@0.2.0 test:luau
> node scripts/test-luau.mjs

PASS accepted strike and exact cooldown boundary
PASS replayed or out of order requests cannot attack twice
PASS malformed action and sequence values are rejected
PASS dead player cannot attack and respawn has fresh state
PASS ability cooldowns are independent
PASS damage requires range visibility and a living target
6 combat scenarios passed (offline, not Studio)
COMPILES ServerScriptService\Combat.server.luau
COMPILES ServerScriptService\CombatCore.luau
COMPILES ReplicatedStorage\Forge\Config.luau
COMPILES StarterPlayer\StarterPlayerScripts\Combat.client.luau

> takko-studio@0.2.0 test:plugin
> node scripts/test-plugin.mjs

PASS one-click local pairing, supplied tokens and local-only endpoint validation
PASS apply creates actual manifest objects and source, preserving unrelated content
PASS test harness inserts server/client code and removes temporary instances
PASS empty tests are rejected and failed harness setup is cleaned up
PASS source edits and mismatched artifacts block replacement and stale test reports
PASS source edits during yielding staging prevent replacement
PASS failed staging preserves the existing project
PASS forward references resolve to staged instances; missing references preserve the applied rig
PASS authorized imported MeshPart is created through AssetService Content without assigning read-only MeshId
PASS absent authorization, forged mesh IDs and noncanonical IDs are rejected before native allocation
PASS native mesh allocation failure preserves the existing owned root and does not report success
PASS yielding mesh allocation rechecks ownership and preserves concurrent texture edits
PASS delivered work survives heartbeats, double clicks execute once, receipts retry, and stale commands cannot run
PASS reconnect serializes with polling, commits connection state only on success, and preserves failed reconnect state
COMPILES plugin and 8 injected sources. Studio APIs were mocked; no live Studio pass claimed.

> takko-studio@0.2.0 test:guards
> node scripts/evaluate-guards.mjs

[
  {
    "id": "baseline",
    "passed": true,
    "expectedPass": true,
    "matched": true
  },
  {
    "id": "missing-cooldown",
    "passed": false,
    "expectedPass": false,
    "matched": true
  },
  {
    "id": "replay-accepted",
    "passed": false,
    "expectedPass": false,
    "matched": true
  },
  {
    "id": "out-of-range-damage",
    "passed": false,
    "expectedPass": false,
    "matched": true
  },
  {
    "id": "damage-through-walls",
    "passed": false,
    "expectedPass": false,
    "matched": true
  },
  {
    "id": "dead-player-attacks",
    "passed": false,
    "expectedPass": false,
    "matched": true
  }
]

> takko-studio@0.2.0 lint:css
> stylelint "src/web/**/*.css"


src/web/asset-choices.css
  42:17  ‼  Use a token from tokens.css. Inline hex is allowed only for one-off values that will not repeat.  color-no-hex
  43:15  ‼  Use a token from tokens.css. Inline hex is allowed only for one-off values that will not repeat.  color-no-hex
  46:10  ‼  Use a token from tokens.css. Inline hex is allowed only for one-off values that will not repeat.  color-no-hex
  52:15  ‼  Use a token from tokens.css. Inline hex is allowed only for one-off values that will not repeat.  color-no-hex
  79:1   ‼  Duplicate selector ".asset-choices-workspace", first used at line 14                              no-duplicate-selectors
  85:17  ‼  Use a token from tokens.css. Inline hex is allowed only for one-off values that will not repeat.  color-no-hex

src/web/conversation.css
  114:37  ‼  Use a token from tokens.css. Inline hex is allowed only for one-off values that will not repeat.  color-no-hex
  121:10  ‼  Use a token from tokens.css. Inline hex is allowed only for one-off values that will not repeat.  color-no-hex
  143:26  ‼  Use a token from tokens.css. Inline hex is allowed only for one-off values that will not repeat.  color-no-hex
  256:15  ‼  Use a token from tokens.css. Inline hex is allowed only for one-off values that will not repeat.  color-no-hex
  298:1   ‼  Duplicate selector ".minimal .chat-heading", first used at line 90                                no-duplicate-selectors
  309:1   ‼  Duplicate selector ".minimal .chat-composer", first used at line 84                               no-duplicate-selectors
  454:37  ‼  Use a token from tokens.css. Inline hex is allowed only for one-off values that will not repeat.  color-no-hex
  475:27  ‼  Use a token from tokens.css. Inline hex is allowed only for one-off values that will not repeat.  color-no-hex
  478:28  ‼  Use a token from tokens.css. Inline hex is allowed only for one-off values that will not repeat.  color-no-hex
  507:27  ‼  Use a token from tokens.css. Inline hex is allowed only for one-off values that will not repeat.  color-no-hex
  591:15  ‼  Use a token from tokens.css. Inline hex is allowed only for one-off values that will not repeat.  color-no-hex
  859:1   ‼  Duplicate selector ".minimal.editor .integrated-workspace .chat-panel", first used at line 371    no-duplicate-selectors
  950:23  ‼  Use a token from tokens.css. Inline hex is allowed only for one-off values that will not repeat.  color-no-hex

src/web/game-concept.css
  41:15  ‼  Use a token from tokens.css. Inline hex is allowed only for one-off values that will not repeat.  color-no-hex

src/web/grok-theme.css
   24:15  ‼  Use a token from tokens.css. Inline hex is allowed only for one-off values that will not repeat.  color-no-hex
   25:17  ‼  Use a token from tokens.css. Inline hex is allowed only for one-off values that will not repeat.  color-no-hex
   34:10  ‼  Use a token from tokens.css. Inline hex is allowed only for one-off values that will not repeat.  color-no-hex
   40:10  ‼  Use a token from tokens.css. Inline hex is allowed only for one-off values that will not repeat.  color-no-hex
  216:15  ‼  Use a token from tokens.css. Inline hex is allowed only for one-off values that will not repeat.  color-no-hex
  219:15  ‼  Use a token from tokens.css. Inline hex is allowed only for one-off values that will not repeat.  color-no-hex
  464:15  ‼  Use a token from tokens.css. Inline hex is allowed only for one-off values that will not repeat.  color-no-hex
  465:17  ‼  Use a token from tokens.css. Inline hex is allowed only for one-off values that will not repeat.  color-no-hex
  469:10  ‼  Use a token from tokens.css. Inline hex is allowed only for one-off values that will not repeat.  color-no-hex
  489:27  ‼  Use a token from tokens.css. Inline hex is allowed only for one-off values that will not repeat.  color-no-hex
  497:10  ‼  Use a token from tokens.css. Inline hex is allowed only for one-off values that will not repeat.  color-no-hex
  518:15  ‼  Use a token from tokens.css. Inline hex is allowed only for one-off values that will not repeat.  color-no-hex
  566:17  ‼  Use a token from tokens.css. Inline hex is allowed only for one-off values that will not repeat.  color-no-hex

src/web/marketplace-connection.css
  52:15  ‼  Use a token from tokens.css. Inline hex is allowed only for one-off values that will not repeat.  color-no-hex

src/web/model-library.css
   30:10  ‼  Use a token from tokens.css. Inline hex is allowed only for one-off values that will not repeat.  color-no-hex
   38:15  ‼  Use a token from tokens.css. Inline hex is allowed only for one-off values that will not repeat.  color-no-hex
   41:15  ‼  Use a token from tokens.css. Inline hex is allowed only for one-off values that will not repeat.  color-no-hex
   44:15  ‼  Use a token from tokens.css. Inline hex is allowed only for one-off values that will not repeat.  color-no-hex
   47:15  ‼  Use a token from tokens.css. Inline hex is allowed only for one-off values that will not repeat.  color-no-hex
   50:15  ‼  Use a token from tokens.css. Inline hex is allowed only for one-off values that will not repeat.  color-no-hex
   53:15  ‼  Use a token from tokens.css. Inline hex is allowed only for one-off values that will not repeat.  color-no-hex
   56:15  ‼  Use a token from tokens.css. Inline hex is allowed only for one-off values that will not repeat.  color-no-hex
   71:17  ‼  Use a token from tokens.css. Inline hex is allowed only for one-off values that will not repeat.  color-no-hex
   72:15  ‼  Use a token from tokens.css. Inline hex is allowed only for one-off values that will not repeat.  color-no-hex
  106:21  ‼  Use a token from tokens.css. Inline hex is allowed only for one-off values that will not repeat.  color-no-hex
  122:15  ‼  Use a token from tokens.css. Inline hex is allowed only for one-off values that will not repeat.  color-no-hex
  138:10  ‼  Use a token from tokens.css. Inline hex is allowed only for one-off values that will not repeat.  color-no-hex
  141:15  ‼  Use a token from tokens.css. Inline hex is allowed only for one-off values that will not repeat.  color-no-hex
  148:21  ‼  Use a token from tokens.css. Inline hex is allowed only for one-off values that will not repeat.  color-no-hex
  152:15  ‼  Use a token from tokens.css. Inline hex is allowed only for one-off values that will not repeat.  color-no-hex
  179:25  ‼  Use a token from tokens.css. Inline hex is allowed only for one-off values that will not repeat.  color-no-hex
  203:10  ‼  Use a token from tokens.css. Inline hex is allowed only for one-off values that will not repeat.  color-no-hex
  207:10  ‼  Use a token from tokens.css. Inline hex is allowed only for one-off values that will not repeat.  color-no-hex
  212:15  ‼  Use a token from tokens.css. Inline hex is allowed only for one-off values that will not repeat.  color-no-hex
  214:10  ‼  Use a token from tokens.css. Inline hex is allowed only for one-off values that will not repeat.  color-no-hex
  220:10  ‼  Use a token from tokens.css. Inline hex is allowed only for one-off values that will not repeat.  color-no-hex
  223:10  ‼  Use a token from tokens.css. Inline hex is allowed only for one-off values that will not repeat.  color-no-hex
  234:21  ‼  Use a token from tokens.css. Inline hex is allowed only for one-off values that will not repeat.  color-no-hex
  236:15  ‼  Use a token from tokens.css. Inline hex is allowed only for one-off values that will not repeat.  color-no-hex
  254:15  ‼  Use a token from tokens.css. Inline hex is allowed only for one-off values that will not repeat.  color-no-hex
  289:10  ‼  Use a token from tokens.css. Inline hex is allowed only for one-off values that will not repeat.  color-no-hex
  291:25  ‼  Use a token from tokens.css. Inline hex is allowed only for one-off values that will not repeat.  color-no-hex
  312:17  ‼  Use a token from tokens.css. Inline hex is allowed only for one-off values that will not repeat.  color-no-hex
  313:15  ‼  Use a token from tokens.css. Inline hex is allowed only for one-off values that will not repeat.  color-no-hex
  380:15  ‼  Use a token from tokens.css. Inline hex is allowed only for one-off values that will not repeat.  color-no-hex
  381:21  ‼  Use a token from tokens.css. Inline hex is allowed only for one-off values that will not repeat.  color-no-hex
  400:10  ‼  Use a token from tokens.css. Inline hex is allowed only for one-off values that will not repeat.  color-no-hex
  407:21  ‼  Use a token from tokens.css. Inline hex is allowed only for one-off values that will not repeat.  color-no-hex
  409:10  ‼  Use a token from tokens.css. Inline hex is allowed only for one-off values that will not repeat.  color-no-hex
  420:15  ‼  Use a token from tokens.css. Inline hex is allowed only for one-off values that will not repeat.  color-no-hex
  421:17  ‼  Use a token from tokens.css. Inline hex is allowed only for one-off values that will not repeat.  color-no-hex
  431:21  ‼  Use a token from tokens.css. Inline hex is allowed only for one-off values that will not repeat.  color-no-hex
  432:21  ‼  Use a token from tokens.css. Inline hex is allowed only for one-off values that will not repeat.  color-no-hex
  435:10  ‼  Use a token from tokens.css. Inline hex is allowed only for one-off values that will not repeat.  color-no-hex
  446:21  ‼  Use a token from tokens.css. Inline hex is allowed only for one-off values that will not repeat.  color-no-hex
  462:10  ‼  Use a token from tokens.css. Inline hex is allowed only for one-off values that will not repeat.  color-no-hex
  476:15  ‼  Use a token from tokens.css. Inline hex is allowed only for one-off values that will not repeat.  color-no-hex
  477:10  ‼  Use a token from tokens.css. Inline hex is allowed only for one-off values that will not repeat.  color-no-hex
  494:10  ‼  Use a token from tokens.css. Inline hex is allowed only for one-off values that will not repeat.  color-no-hex
  513:15  ‼  Use a token from tokens.css. Inline hex is allowed only for one-off values that will not repeat.  color-no-hex
  514:17  ‼  Use a token from tokens.css. Inline hex is allowed only for one-off values that will not repeat.  color-no-hex
  521:15  ‼  Use a token from tokens.css. Inline hex is allowed only for one-off values that will not repeat.  color-no-hex
  522:17  ‼  Use a token from tokens.css. Inline hex is allowed only for one-off values that will not repeat.  color-no-hex
  528:15  ‼  Use a token from tokens.css. Inline hex is allowed only for one-off values that will not repeat.  color-no-hex
  537:10  ‼  Use a token from tokens.css. Inline hex is allowed only for one-off values that will not repeat.  color-no-hex
  539:21  ‼  Use a token from tokens.css. Inline hex is allowed only for one-off values that will not repeat.  color-no-hex
  549:10  ‼  Use a token from tokens.css. Inline hex is allowed only for one-off values that will not repeat.  color-no-hex
  554:10  ‼  Use a token from tokens.css. Inline hex is allowed only for one-off values that will not repeat.  color-no-hex
  571:15  ‼  Use a token from tokens.css. Inline hex is allowed only for one-off values that will not repeat.  color-no-hex
  591:10  ‼  Use a token from tokens.css. Inline hex is allowed only for one-off values that will not repeat.  color-no-hex
  614:17  ‼  Use a token from tokens.css. Inline hex is allowed only for one-off values that will not repeat.  color-no-hex
  626:10  ‼  Use a token from tokens.css. Inline hex is allowed only for one-off values that will not repeat.  color-no-hex
  629:10  ‼  Use a token from tokens.css. Inline hex is allowed only for one-off values that will not repeat.  color-no-hex
  636:21  ‼  Use a token from tokens.css. Inline hex is allowed only for one-off values that will not repeat.  color-no-hex
  642:26  ‼  Use a token from tokens.css. Inline hex is allowed only for one-off values that will not repeat.  color-no-hex
  649:10  ‼  Use a token from tokens.css. Inline hex is allowed only for one-off values that will not repeat.  color-no-hex
  653:10  ‼  Use a token from tokens.css. Inline hex is allowed only for one-off values that will not repeat.  color-no-hex
  663:10  ‼  Use a token from tokens.css. Inline hex is allowed only for one-off values that will not repeat.  color-no-hex
  672:10  ‼  Use a token from tokens.css. Inline hex is allowed only for one-off values that will not repeat.  color-no-hex
  795:15  ‼  Use a token from tokens.css. Inline hex is allowed only for one-off values that will not repeat.  color-no-hex
  800:10  ‼  Use a token from tokens.css. Inline hex is allowed only for one-off values that will not repeat.  color-no-hex
  821:1   ‼  Duplicate selector ".models-reference .provider-catalog", first used at line 596                  no-duplicate-selectors
  827:1   ‼  Duplicate selector ".models-reference .model-row button", first used at line 496                  no-duplicate-selectors

src/web/settings-workspace.css
    5:10  ‼  Use a token from tokens.css. Inline hex is allowed only for one-off values that will not repeat.  color-no-hex
   49:21  ‼  Use a token from tokens.css. Inline hex is allowed only for one-off values that will not repeat.  color-no-hex
   52:10  ‼  Use a token from tokens.css. Inline hex is allowed only for one-off values that will not repeat.  color-no-hex
   53:15  ‼  Use a token from tokens.css. Inline hex is allowed only for one-off values that will not repeat.  color-no-hex
   58:15  ‼  Use a token from tokens.css. Inline hex is allowed only for one-off values that will not repeat.  color-no-hex
   59:10  ‼  Use a token from tokens.css. Inline hex is allowed only for one-off values that will not repeat.  color-no-hex
   72:21  ‼  Use a token from tokens.css. Inline hex is allowed only for one-off values that will not repeat.  color-no-hex
   75:10  ‼  Use a token from tokens.css. Inline hex is allowed only for one-off values that will not repeat.  color-no-hex
   76:15  ‼  Use a token from tokens.css. Inline hex is allowed only for one-off values that will not repeat.  color-no-hex
   84:10  ‼  Use a token from tokens.css. Inline hex is allowed only for one-off values that will not repeat.  color-no-hex
   90:10  ‼  Use a token from tokens.css. Inline hex is allowed only for one-off values that will not repeat.  color-no-hex
  101:15  ‼  Use a token from tokens.css. Inline hex is allowed only for one-off values that will not repeat.  color-no-hex
  110:15  ‼  Use a token from tokens.css. Inline hex is allowed only for one-off values that will not repeat.  color-no-hex
  115:28  ‼  Use a token from tokens.css. Inline hex is allowed only for one-off values that will not repeat.  color-no-hex
  143:28  ‼  Use a token from tokens.css. Inline hex is allowed only for one-off values that will not repeat.  color-no-hex
  151:15  ‼  Use a token from tokens.css. Inline hex is allowed only for one-off values that will not repeat.  color-no-hex
  152:10  ‼  Use a token from tokens.css. Inline hex is allowed only for one-off values that will not repeat.  color-no-hex
  167:15  ‼  Use a token from tokens.css. Inline hex is allowed only for one-off values that will not repeat.  color-no-hex
  169:10  ‼  Use a token from tokens.css. Inline hex is allowed only for one-off values that will not repeat.  color-no-hex
  177:28  ‼  Use a token from tokens.css. Inline hex is allowed only for one-off values that will not repeat.  color-no-hex
  194:10  ‼  Use a token from tokens.css. Inline hex is allowed only for one-off values that will not repeat.  color-no-hex
  201:10  ‼  Use a token from tokens.css. Inline hex is allowed only for one-off values that will not repeat.  color-no-hex
  231:17  ‼  Use a token from tokens.css. Inline hex is allowed only for one-off values that will not repeat.  color-no-hex
  242:10  ‼  Use a token from tokens.css. Inline hex is allowed only for one-off values that will not repeat.  color-no-hex
  249:28  ‼  Use a token from tokens.css. Inline hex is allowed only for one-off values that will not repeat.  color-no-hex
  266:25  ‼  Use a token from tokens.css. Inline hex is allowed only for one-off values that will not repeat.  color-no-hex
  297:10  ‼  Use a token from tokens.css. Inline hex is allowed only for one-off values that will not repeat.  color-no-hex
  305:21  ‼  Use a token from tokens.css. Inline hex is allowed only for one-off values that will not repeat.  color-no-hex
  308:10  ‼  Use a token from tokens.css. Inline hex is allowed only for one-off values that will not repeat.  color-no-hex
  309:28  ‼  Use a token from tokens.css. Inline hex is allowed only for one-off values that will not repeat.  color-no-hex
  367:25  ‼  Use a token from tokens.css. Inline hex is allowed only for one-off values that will not repeat.  color-no-hex
  368:15  ‼  Use a token from tokens.css. Inline hex is allowed only for one-off values that will not repeat.  color-no-hex
  373:10  ‼  Use a token from tokens.css. Inline hex is allowed only for one-off values that will not repeat.  color-no-hex
  383:25  ‼  Use a token from tokens.css. Inline hex is allowed only for one-off values that will not repeat.  color-no-hex
  390:10  ‼  Use a token from tokens.css. Inline hex is allowed only for one-off values that will not repeat.  color-no-hex
  479:17  ‼  Use a token from tokens.css. Inline hex is allowed only for one-off values that will not repeat.  color-no-hex
  534:17  ‼  Use a token from tokens.css. Inline hex is allowed only for one-off values that will not repeat.  color-no-hex

src/web/styles.css
    50:15  ‼  Use a token from tokens.css. Inline hex is allowed only for one-off values that will not repeat.  color-no-hex
    51:17  ‼  Use a token from tokens.css. Inline hex is allowed only for one-off values that will not repeat.  color-no-hex
    52:10  ‼  Use a token from tokens.css. Inline hex is allowed only for one-off values that will not repeat.  color-no-hex
    73:21  ‼  Use a token from tokens.css. Inline hex is allowed only for one-off values that will not repeat.  color-no-hex
    74:15  ‼  Use a token from tokens.css. Inline hex is allowed only for one-off values that will not repeat.  color-no-hex
    82:15  ‼  Use a token from tokens.css. Inline hex is allowed only for one-off values that will not repeat.  color-no-hex
    99:10  ‼  Use a token from tokens.css. Inline hex is allowed only for one-off values that will not repeat.  color-no-hex
   108:10  ‼  Use a token from tokens.css. Inline hex is allowed only for one-off values that will not repeat.  color-no-hex
   139:21  ‼  Use a token from tokens.css. Inline hex is allowed only for one-off values that will not repeat.  color-no-hex
   141:15  ‼  Use a token from tokens.css. Inline hex is allowed only for one-off values that will not repeat.  color-no-hex
   145:10  ‼  Use a token from tokens.css. Inline hex is allowed only for one-off values that will not repeat.  color-no-hex
   156:10  ‼  Use a token from tokens.css. Inline hex is allowed only for one-off values that will not repeat.  color-no-hex
   163:10  ‼  Use a token from tokens.css. Inline hex is allowed only for one-off values that will not repeat.  color-no-hex
   178:30  ‼  Use a token from tokens.css. Inline hex is allowed only for one-off values that will not repeat.  color-no-hex
   210:21  ‼  Use a token from tokens.css. Inline hex is allowed only for one-off values that will not repeat.  color-no-hex
   212:15  ‼  Use a token from tokens.css. Inline hex is allowed only for one-off values that will not repeat.  color-no-hex
   224:15  ‼  Use a token from tokens.css. Inline hex is allowed only for one-off values that will not repeat.  color-no-hex
   225:17  ‼  Use a token from tokens.css. Inline hex is allowed only for one-off values that will not repeat.  color-no-hex
   237:15  ‼  Use a token from tokens.css. Inline hex is allowed only for one-off values that will not repeat.  color-no-hex
   238:17  ‼  Use a token from tokens.css. Inline hex is allowed only for one-off values that will not repeat.  color-no-hex
   246:10  ‼  Use a token from tokens.css. Inline hex is allowed only for one-off values that will not repeat.  color-no-hex
   253:10  ‼  Use a token from tokens.css. Inline hex is allowed only for one-off values that will not repeat.  color-no-hex
   286:21  ‼  Use a token from tokens.css. Inline hex is allowed only for one-off values that will not repeat.  color-no-hex
   288:15  ‼  Use a token from tokens.css. Inline hex is allowed only for one-off values that will not repeat.  color-no-hex
   289:10  ‼  Use a token from tokens.css. Inline hex is allowed only for one-off values that will not repeat.  color-no-hex
   301:10  ‼  Use a token from tokens.css. Inline hex is allowed only for one-off values that will not repeat.  color-no-hex
   309:10  ‼  Use a token from tokens.css. Inline hex is allowed only for one-off values that will not repeat.  color-no-hex
   319:15  ‼  Use a token from tokens.css. Inline hex is allowed only for one-off values that will not repeat.  color-no-hex
   320:27  ‼  Use a token from tokens.css. Inline hex is allowed only for one-off values that will not repeat.  color-no-hex
   351:15  ‼  Use a token from tokens.css. Inline hex is allowed only for one-off values that will not repeat.  color-no-hex
   352:10  ‼  Use a token from tokens.css. Inline hex is allowed only for one-off values that will not repeat.  color-no-hex
   358:10  ‼  Use a token from tokens.css. Inline hex is allowed only for one-off values that will not repeat.  color-no-hex
   364:10  ‼  Use a token from tokens.css. Inline hex is allowed only for one-off values that will not repeat.  color-no-hex
   387:15  ‼  Use a token from tokens.css. Inline hex is allowed only for one-off values that will not repeat.  color-no-hex
   392:21  ‼  Use a token from tokens.css. Inline hex is allowed only for one-off values that will not repeat.  color-no-hex
   415:10  ‼  Use a token from tokens.css. Inline hex is allowed only for one-off values that will not repeat.  color-no-hex
   430:40  ‼  Use a token from tokens.css. Inline hex is allowed only for one-off values that will not repeat.  color-no-hex
   431:29  ‼  Use a token from tokens.css. Inline hex is allowed only for one-off values that will not repeat.  color-no-hex
   431:38  ‼  Use a token from tokens.css. Inline hex is allowed only for one-off values that will not repeat.  color-no-hex
   445:28  ‼  Use a token from tokens.css. Inline hex is allowed only for one-off values that will not repeat.  color-no-hex
   460:10  ‼  Use a token from tokens.css. Inline hex is allowed only for one-off values that will not repeat.  color-no-hex
   468:25  ‼  Use a token from tokens.css. Inline hex is allowed only for one-off values that will not repeat.  color-no-hex
   479:15  ‼  Use a token from tokens.css. Inline hex is allowed only for one-off values that will not repeat.  color-no-hex
   506:15  ‼  Use a token from tokens.css. Inline hex is allowed only for one-off values that will not repeat.  color-no-hex
   507:17  ‼  Use a token from tokens.css. Inline hex is allowed only for one-off values that will not repeat.  color-no-hex
   516:41  ‼  Use a token from tokens.css. Inline hex is allowed only for one-off values that will not repeat.  color-no-hex
   517:41  ‼  Use a token from tokens.css. Inline hex is allowed only for one-off values that will not repeat.  color-no-hex
   518:41  ‼  Use a token from tokens.css. Inline hex is allowed only for one-off values that will not repeat.  color-no-hex
   519:29  ‼  Use a token from tokens.css. Inline hex is allowed only for one-off values that will not repeat.  color-no-hex
   519:38  ‼  Use a token from tokens.css. Inline hex is allowed only for one-off values that will not repeat.  color-no-hex
   519:51  ‼  Use a token from tokens.css. Inline hex is allowed only for one-off values that will not repeat.  color-no-hex
   540:10  ‼  Use a token from tokens.css. Inline hex is allowed only for one-off values that will not repeat.  color-no-hex
   541:15  ‼  Use a token from tokens.css. Inline hex is allowed only for one-off values that will not repeat.  color-no-hex
   542:21  ‼  Use a token from tokens.css. Inline hex is allowed only for one-off values that will not repeat.  color-no-hex
   557:15  ‼  Use a token from tokens.css. Inline hex is allowed only for one-off values that will not repeat.  color-no-hex
   558:17  ‼  Use a token from tokens.css. Inline hex is allowed only for one-off values that will not repeat.  color-no-hex
   564:15  ‼  Use a token from tokens.css. Inline hex is allowed only for one-off values that will not repeat.  color-no-hex
   568:10  ‼  Use a token from tokens.css. Inline hex is allowed only for one-off values that will not repeat.  color-no-hex
   571:15  ‼  Use a token from tokens.css. Inline hex is allowed only for one-off values that will not repeat.  color-no-hex
   572:21  ‼  Use a token from tokens.css. Inline hex is allowed only for one-off values that will not repeat.  color-no-hex
   575:17  ‼  Use a token from tokens.css. Inline hex is allowed only for one-off values that will not repeat.  color-no-hex
   576:13  ‼  Use a token from tokens.css. Inline hex is allowed only for one-off values that will not repeat.  color-no-hex
   605:15  ‼  Use a token from tokens.css. Inline hex is allowed only for one-off values that will not repeat.  color-no-hex
   623:21  ‼  Use a token from tokens.css. Inline hex is allowed only for one-off values that will not repeat.  color-no-hex
   625:15  ‼  Use a token from tokens.css. Inline hex is allowed only for one-off values that will not repeat.  color-no-hex
   627:27  ‼  Use a token from tokens.css. Inline hex is allowed only for one-off values that will not repeat.  color-no-hex
   628:10  ‼  Use a token from tokens.css. Inline hex is allowed only for one-off values that will not repeat.  color-no-hex
   645:15  ‼  Use a token from tokens.css. Inline hex is allowed only for one-off values that will not repeat.  color-no-hex
   648:15  ‼  Use a token from tokens.css. Inline hex is allowed only for one-off values that will not repeat.  color-no-hex
   649:10  ‼  Use a token from tokens.css. Inline hex is allowed only for one-off values that will not repeat.  color-no-hex
   659:17  ‼  Use a token from tokens.css. Inline hex is allowed only for one-off values that will not repeat.  color-no-hex
   660:15  ‼  Use a token from tokens.css. Inline hex is allowed only for one-off values that will not repeat.  color-no-hex
   664:10  ‼  Use a token from tokens.css. Inline hex is allowed only for one-off values that will not repeat.  color-no-hex
   727:15  ‼  Use a token from tokens.css. Inline hex is allowed only for one-off values that will not repeat.  color-no-hex
   728:26  ‼  Use a token from tokens.css. Inline hex is allowed only for one-off values that will not repeat.  color-no-hex
   732:20  ‼  Use a token from tokens.css. Inline hex is allowed only for one-off values that will not repeat.  color-no-hex
   732:25  ‼  Use a token from tokens.css. Inline hex is allowed only for one-off values that will not repeat.  color-no-hex
   741:15  ‼  Use a token from tokens.css. Inline hex is allowed only for one-off values that will not repeat.  color-no-hex
   757:15  ‼  Use a token from tokens.css. Inline hex is allowed only for one-off values that will not repeat.  color-no-hex
   758:10  ‼  Use a token from tokens.css. Inline hex is allowed only for one-off values that will not repeat.  color-no-hex
   759:21  ‼  Use a token from tokens.css. Inline hex is allowed only for one-off values that will not repeat.  color-no-hex
   778:10  ‼  Use a token from tokens.css. Inline hex is allowed only for one-off values that will not repeat.  color-no-hex
   781:10  ‼  Use a token from tokens.css. Inline hex is allowed only for one-off values that will not repeat.  color-no-hex
   782:28  ‼  Use a token from tokens.css. Inline hex is allowed only for one-off values that will not repeat.  color-no-hex
   810:15  ‼  Use a token from tokens.css. Inline hex is allowed only for one-off values that will not repeat.  color-no-hex
   811:17  ‼  Use a token from tokens.css. Inline hex is allowed only for one-off values that will not repeat.  color-no-hex
   827:10  ‼  Use a token from tokens.css. Inline hex is allowed only for one-off values that will not repeat.  color-no-hex
   842:10  ‼  Use a token from tokens.css. Inline hex is allowed only for one-off values that will not repeat.  color-no-hex
   849:21  ‼  Use a token from tokens.css. Inline hex is allowed only for one-off values that will not repeat.  color-no-hex
   852:15  ‼  Use a token from tokens.css. Inline hex is allowed only for one-off values that will not repeat.  color-no-hex
   868:10  ‼  Use a token from tokens.css. Inline hex is allowed only for one-off values that will not repeat.  color-no-hex
   882:10  ‼  Use a token from tokens.css. Inline hex is allowed only for one-off values that will not repeat.  color-no-hex
   898:10  ‼  Use a token from tokens.css. Inline hex is allowed only for one-off values that will not repeat.  color-no-hex
   908:15  ‼  Use a token from tokens.css. Inline hex is allowed only for one-off values that will not repeat.  color-no-hex
   909:21  ‼  Use a token from tokens.css. Inline hex is allowed only for one-off values that will not repeat.  color-no-hex
   932:15  ‼  Use a token from tokens.css. Inline hex is allowed only for one-off values that will not repeat.  color-no-hex
   933:10  ‼  Use a token from tokens.css. Inline hex is allowed only for one-off values that will not repeat.  color-no-hex
   934:17  ‼  Use a token from tokens.css. Inline hex is allowed only for one-off values that will not repeat.  color-no-hex
   957:15  ‼  Use a token from tokens.css. Inline hex is allowed only for one-off values that will not repeat.  color-no-hex
   958:10  ‼  Use a token from tokens.css. Inline hex is allowed only for one-off values that will not repeat.  color-no-hex
   961:15  ‼  Use a token from tokens.css. Inline hex is allowed only for one-off values that will not repeat.  color-no-hex
   962:10  ‼  Use a token from tokens.css. Inline hex is allowed only for one-off values that will not repeat.  color-no-hex
   965:15  ‼  Use a token from tokens.css. Inline hex is allowed only for one-off values that will not repeat.  color-no-hex
   966:10  ‼  Use a token from tokens.css. Inline hex is allowed only for one-off values that will not repeat.  color-no-hex
   985:10  ‼  Use a token from tokens.css. Inline hex is allowed only for one-off values that will not repeat.  color-no-hex
   990:10  ‼  Use a token from tokens.css. Inline hex is allowed only for one-off values that will not repeat.  color-no-hex
  1006:22  ‼  Use a token from tokens.css. Inline hex is allowed only for one-off values that will not repeat.  color-no-hex
  1014:21  ‼  Use a token from tokens.css. Inline hex is allowed only for one-off values that will not repeat.  color-no-hex
  1021:15  ‼  Use a token from tokens.css. Inline hex is allowed only for one-off values that will not repeat.  color-no-hex
  1034:15  ‼  Use a token from tokens.css. Inline hex is allowed only for one-off values that will not repeat.  color-no-hex
  1038:15  ‼  Use a token from tokens.css. Inline hex is allowed only for one-off values that will not repeat.  color-no-hex
  1052:10  ‼  Use a token from tokens.css. Inline hex is allowed only for one-off values that will not repeat.  color-no-hex
  1064:10  ‼  Use a token from tokens.css. Inline hex is allowed only for one-off values that will not repeat.  color-no-hex
  1071:10  ‼  Use a token from tokens.css. Inline hex is allowed only for one-off values that will not repeat.  color-no-hex
  1077:21  ‼  Use a token from tokens.css. Inline hex is allowed only for one-off values that will not repeat.  color-no-hex
  1080:15  ‼  Use a token from tokens.css. Inline hex is allowed only for one-off values that will not repeat.  color-no-hex
  1086:10  ‼  Use a token from tokens.css. Inline hex is allowed only for one-off values that will not repeat.  color-no-hex
  1091:10  ‼  Use a token from tokens.css. Inline hex is allowed only for one-off values that will not repeat.  color-no-hex
  1100:10  ‼  Use a token from tokens.css. Inline hex is allowed only for one-off values that will not repeat.  color-no-hex
  1132:15  ‼  Use a token from tokens.css. Inline hex is allowed only for one-off values that will not repeat.  color-no-hex
  1145:15  ‼  Use a token from tokens.css. Inline hex is allowed only for one-off values that will not repeat.  color-no-hex
  1146:21  ‼  Use a token from tokens.css. Inline hex is allowed only for one-off values that will not repeat.  color-no-hex
  1149:15  ‼  Use a token from tokens.css. Inline hex is allowed only for one-off values that will not repeat.  color-no-hex
  1150:17  ‼  Use a token from tokens.css. Inline hex is allowed only for one-off values that will not repeat.  color-no-hex
  1186:10  ‼  Use a token from tokens.css. Inline hex is allowed only for one-off values that will not repeat.  color-no-hex
  1190:15  ‼  Use a token from tokens.css. Inline hex is allowed only for one-off values that will not repeat.  color-no-hex
  1191:21  ‼  Use a token from tokens.css. Inline hex is allowed only for one-off values that will not repeat.  color-no-hex
  1213:39  ‼  Use a token from tokens.css. Inline hex is allowed only for one-off values that will not repeat.  color-no-hex
  1213:48  ‼  Use a token from tokens.css. Inline hex is allowed only for one-off values that will not repeat.  color-no-hex
  1214:17  ‼  Use a token from tokens.css. Inline hex is allowed only for one-off values that will not repeat.  color-no-hex
  1218:10  ‼  Use a token from tokens.css. Inline hex is allowed only for one-off values that will not repeat.  color-no-hex
  1223:10  ‼  Use a token from tokens.css. Inline hex is allowed only for one-off values that will not repeat.  color-no-hex
  1226:10  ‼  Use a token from tokens.css. Inline hex is allowed only for one-off values that will not repeat.  color-no-hex
  1233:15  ‼  Use a token from tokens.css. Inline hex is allowed only for one-off values that will not repeat.  color-no-hex
  1241:15  ‼  Use a token from tokens.css. Inline hex is allowed only for one-off values that will not repeat.  color-no-hex
  1242:21  ‼  Use a token from tokens.css. Inline hex is allowed only for one-off values that will not repeat.  color-no-hex
  1245:27  ‼  Use a token from tokens.css. Inline hex is allowed only for one-off values that will not repeat.  color-no-hex
  1256:21  ‼  Use a token from tokens.css. Inline hex is allowed only for one-off values that will not repeat.  color-no-hex
  1258:15  ‼  Use a token from tokens.css. Inline hex is allowed only for one-off values that will not repeat.  color-no-hex
  1276:17  ‼  Use a token from tokens.css. Inline hex is allowed only for one-off values that will not repeat.  color-no-hex
  1306:25  ‼  Use a token from tokens.css. Inline hex is allowed only for one-off values that will not repeat.  color-no-hex
  1308:15  ‼  Use a token from tokens.css. Inline hex is allowed only for one-off values that will not repeat.  color-no-hex
  1314:21  ‼  Use a token from tokens.css. Inline hex is allowed only for one-off values that will not repeat.  color-no-hex
  1316:15  ‼  Use a token from tokens.css. Inline hex is allowed only for one-off values that will not repeat.  color-no-hex
  1321:10  ‼  Use a token from tokens.css. Inline hex is allowed only for one-off values that will not repeat.  color-no-hex
  1324:15  ‼  Use a token from tokens.css. Inline hex is allowed only for one-off values that will not repeat.  color-no-hex
  1325:17  ‼  Use a token from tokens.css. Inline hex is allowed only for one-off values that will not repeat.  color-no-hex
  1332:15  ‼  Use a token from tokens.css. Inline hex is allowed only for one-off values that will not repeat.  color-no-hex
  1333:10  ‼  Use a token from tokens.css. Inline hex is allowed only for one-off values that will not repeat.  color-no-hex
  1348:15  ‼  Use a token from tokens.css. Inline hex is allowed only for one-off values that will not repeat.  color-no-hex
  1349:21  ‼  Use a token from tokens.css. Inline hex is allowed only for one-off values that will not repeat.  color-no-hex
  1362:21  ‼  Use a token from tokens.css. Inline hex is allowed only for one-off values that will not repeat.  color-no-hex
  1363:21  ‼  Use a token from tokens.css. Inline hex is allowed only for one-off values that will not repeat.  color-no-hex
  1389:15  ‼  Use a token from tokens.css. Inline hex is allowed only for one-off values that will not repeat.  color-no-hex
  1453:1   ‼  Duplicate selector ".activity time, .chat-history time", first used at line 987                   no-duplicate-selectors
  1573:30  ‼  Use a token from tokens.css. Inline hex is allowed only for one-off values that will not repeat.  color-no-hex
  1629:17  ‼  Use a token from tokens.css. Inline hex is allowed only for one-off values that will not repeat.  color-no-hex
  1785:15  ‼  Use a token from tokens.css. Inline hex is allowed only for one-off values that will not repeat.  color-no-hex
  1786:21  ‼  Use a token from tokens.css. Inline hex is allowed only for one-off values that will not repeat.  color-no-hex
  1790:26  ‼  Use a token from tokens.css. Inline hex is allowed only for one-off values that will not repeat.  color-no-hex
  1798:10  ‼  Use a token from tokens.css. Inline hex is allowed only for one-off values that will not repeat.  color-no-hex
  1885:15  ‼  Use a token from tokens.css. Inline hex is allowed only for one-off values that will not repeat.  color-no-hex
  1886:17  ‼  Use a token from tokens.css. Inline hex is allowed only for one-off values that will not repeat.  color-no-hex
  1906:15  ‼  Use a token from tokens.css. Inline hex is allowed only for one-off values that will not repeat.  color-no-hex
  1946:15  ‼  Use a token from tokens.css. Inline hex is allowed only for one-off values that will not repeat.  color-no-hex
  1995:28  ‼  Use a token from tokens.css. Inline hex is allowed only for one-off values that will not repeat.  color-no-hex
  2027:21  ‼  Use a token from tokens.css. Inline hex is allowed only for one-off values that will not repeat.  color-no-hex
  2069:15  ‼  Use a token from tokens.css. Inline hex is allowed only for one-off values that will not repeat.  color-no-hex
  2071:10  ‼  Use a token from tokens.css. Inline hex is allowed only for one-off values that will not repeat.  color-no-hex
  2108:17  ‼  Use a token from tokens.css. Inline hex is allowed only for one-off values that will not repeat.  color-no-hex
  2162:15  ‼  Use a token from tokens.css. Inline hex is allowed only for one-off values that will not repeat.  color-no-hex

src/web/ui-polish.css
  397:1  ‼  Duplicate selector ".workspace-native .canvas-inspector", first used at line 340  no-duplicate-selectors

src/web/workspace-native.css
   22:15  ‼  Use a token from tokens.css. Inline hex is allowed only for one-off values that will not repeat.  color-no-hex
   29:15  ‼  Use a token from tokens.css. Inline hex is allowed only for one-off values that will not repeat.  color-no-hex
   59:20  ‼  Use a token from tokens.css. Inline hex is allowed only for one-off values that will not repeat.  color-no-hex
   68:10  ‼  Use a token from tokens.css. Inline hex is allowed only for one-off values that will not repeat.  color-no-hex
   71:15  ‼  Use a token from tokens.css. Inline hex is allowed only for one-off values that will not repeat.  color-no-hex
   85:26  ‼  Use a token from tokens.css. Inline hex is allowed only for one-off values that will not repeat.  color-no-hex
   94:17  ‼  Use a token from tokens.css. Inline hex is allowed only for one-off values that will not repeat.  color-no-hex
   95:15  ‼  Use a token from tokens.css. Inline hex is allowed only for one-off values that will not repeat.  color-no-hex
   99:15  ‼  Use a token from tokens.css. Inline hex is allowed only for one-off values that will not repeat.  color-no-hex
  119:34  ‼  Use a token from tokens.css. Inline hex is allowed only for one-off values that will not repeat.  color-no-hex
  127:42  ‼  Use a token from tokens.css. Inline hex is allowed only for one-off values that will not repeat.  color-no-hex
  131:15  ‼  Use a token from tokens.css. Inline hex is allowed only for one-off values that will not repeat.  color-no-hex
  132:21  ‼  Use a token from tokens.css. Inline hex is allowed only for one-off values that will not repeat.  color-no-hex
  148:15  ‼  Use a token from tokens.css. Inline hex is allowed only for one-off values that will not repeat.  color-no-hex
  150:10  ‼  Use a token from tokens.css. Inline hex is allowed only for one-off values that will not repeat.  color-no-hex
  153:10  ‼  Use a token from tokens.css. Inline hex is allowed only for one-off values that will not repeat.  color-no-hex
  174:10  ‼  Use a token from tokens.css. Inline hex is allowed only for one-off values that will not repeat.  color-no-hex
  204:37  ‼  Use a token from tokens.css. Inline hex is allowed only for one-off values that will not repeat.  color-no-hex
  213:15  ‼  Use a token from tokens.css. Inline hex is allowed only for one-off values that will not repeat.  color-no-hex
  214:26  ‼  Use a token from tokens.css. Inline hex is allowed only for one-off values that will not repeat.  color-no-hex
  217:17  ‼  Use a token from tokens.css. Inline hex is allowed only for one-off values that will not repeat.  color-no-hex
  218:25  ‼  Use a token from tokens.css. Inline hex is allowed only for one-off values that will not repeat.  color-no-hex
  237:10  ‼  Use a token from tokens.css. Inline hex is allowed only for one-off values that will not repeat.  color-no-hex
  250:10  ‼  Use a token from tokens.css. Inline hex is allowed only for one-off values that will not repeat.  color-no-hex
  254:17  ‼  Use a token from tokens.css. Inline hex is allowed only for one-off values that will not repeat.  color-no-hex
  259:10  ‼  Use a token from tokens.css. Inline hex is allowed only for one-off values that will not repeat.  color-no-hex
  267:25  ‼  Use a token from tokens.css. Inline hex is allowed only for one-off values that will not repeat.  color-no-hex
  275:10  ‼  Use a token from tokens.css. Inline hex is allowed only for one-off values that will not repeat.  color-no-hex
  278:11  ‼  Use a token from tokens.css. Inline hex is allowed only for one-off values that will not repeat.  color-no-hex
  283:9   ‼  Use a token from tokens.css. Inline hex is allowed only for one-off values that will not repeat.  color-no-hex
  326:21  ‼  Use a token from tokens.css. Inline hex is allowed only for one-off values that will not repeat.  color-no-hex
  328:15  ‼  Use a token from tokens.css. Inline hex is allowed only for one-off values that will not repeat.  color-no-hex
  352:20  ‼  Use a token from tokens.css. Inline hex is allowed only for one-off values that will not repeat.  color-no-hex
  360:10  ‼  Use a token from tokens.css. Inline hex is allowed only for one-off values that will not repeat.  color-no-hex
  369:17  ‼  Use a token from tokens.css. Inline hex is allowed only for one-off values that will not repeat.  color-no-hex
  389:10  ‼  Use a token from tokens.css. Inline hex is allowed only for one-off values that will not repeat.  color-no-hex
  397:25  ‼  Use a token from tokens.css. Inline hex is allowed only for one-off values that will not repeat.  color-no-hex
  424:17  ‼  Use a token from tokens.css. Inline hex is allowed only for one-off values that will not repeat.  color-no-hex
  463:17  ‼  Use a token from tokens.css. Inline hex is allowed only for one-off values that will not repeat.  color-no-hex
  515:12  ‼  Use a token from tokens.css. Inline hex is allowed only for one-off values that will not repeat.  color-no-hex
  527:17  ‼  Use a token from tokens.css. Inline hex is allowed only for one-off values that will not repeat.  color-no-hex
  539:23  ‼  Use a token from tokens.css. Inline hex is allowed only for one-off values that will not repeat.  color-no-hex
  540:17  ‼  Use a token from tokens.css. Inline hex is allowed only for one-off values that will not repeat.  color-no-hex
  541:29  ‼  Use a token from tokens.css. Inline hex is allowed only for one-off values that will not repeat.  color-no-hex
  654:17  ‼  Use a token from tokens.css. Inline hex is allowed only for one-off values that will not repeat.  color-no-hex

src/web/design-lab/design-lab.css
     5:16  ‼  Use a token from tokens.css. Inline hex is allowed only for one-off values that will not repeat.  color-no-hex
     6:14  ‼  Use a token from tokens.css. Inline hex is allowed only for one-off values that will not repeat.  color-no-hex
     7:19  ‼  Use a token from tokens.css. Inline hex is allowed only for one-off values that will not repeat.  color-no-hex
    44:15  ‼  Use a token from tokens.css. Inline hex is allowed only for one-off values that will not repeat.  color-no-hex
    45:17  ‼  Use a token from tokens.css. Inline hex is allowed only for one-off values that will not repeat.  color-no-hex
    79:15  ‼  Use a token from tokens.css. Inline hex is allowed only for one-off values that will not repeat.  color-no-hex
    92:15  ‼  Use a token from tokens.css. Inline hex is allowed only for one-off values that will not repeat.  color-no-hex
   100:15  ‼  Use a token from tokens.css. Inline hex is allowed only for one-off values that will not repeat.  color-no-hex
   106:10  ‼  Use a token from tokens.css. Inline hex is allowed only for one-off values that will not repeat.  color-no-hex
   110:15  ‼  Use a token from tokens.css. Inline hex is allowed only for one-off values that will not repeat.  color-no-hex
   111:10  ‼  Use a token from tokens.css. Inline hex is allowed only for one-off values that will not repeat.  color-no-hex
   112:25  ‼  Use a token from tokens.css. Inline hex is allowed only for one-off values that will not repeat.  color-no-hex
   116:10  ‼  Use a token from tokens.css. Inline hex is allowed only for one-off values that will not repeat.  color-no-hex
   121:10  ‼  Use a token from tokens.css. Inline hex is allowed only for one-off values that will not repeat.  color-no-hex
   163:15  ‼  Use a token from tokens.css. Inline hex is allowed only for one-off values that will not repeat.  color-no-hex
   185:10  ‼  Use a token from tokens.css. Inline hex is allowed only for one-off values that will not repeat.  color-no-hex
   189:10  ‼  Use a token from tokens.css. Inline hex is allowed only for one-off values that will not repeat.  color-no-hex
   202:10  ‼  Use a token from tokens.css. Inline hex is allowed only for one-off values that will not repeat.  color-no-hex
   206:10  ‼  Use a token from tokens.css. Inline hex is allowed only for one-off values that will not repeat.  color-no-hex
   207:15  ‼  Use a token from tokens.css. Inline hex is allowed only for one-off values that will not repeat.  color-no-hex
   212:10  ‼  Use a token from tokens.css. Inline hex is allowed only for one-off values that will not repeat.  color-no-hex
   239:15  ‼  Use a token from tokens.css. Inline hex is allowed only for one-off values that will not repeat.  color-no-hex
   244:10  ‼  Use a token from tokens.css. Inline hex is allowed only for one-off values that will not repeat.  color-no-hex
   250:10  ‼  Use a token from tokens.css. Inline hex is allowed only for one-off values that will not repeat.  color-no-hex
   265:15  ‼  Use a token from tokens.css. Inline hex is allowed only for one-off values that will not repeat.  color-no-hex
   270:10  ‼  Use a token from tokens.css. Inline hex is allowed only for one-off values that will not repeat.  color-no-hex
   309:10  ‼  Use a token from tokens.css. Inline hex is allowed only for one-off values that will not repeat.  color-no-hex
   318:21  ‼  Use a token from tokens.css. Inline hex is allowed only for one-off values that will not repeat.  color-no-hex
   319:10  ‼  Use a token from tokens.css. Inline hex is allowed only for one-off values that will not repeat.  color-no-hex
   326:10  ‼  Use a token from tokens.css. Inline hex is allowed only for one-off values that will not repeat.  color-no-hex
   332:15  ‼  Use a token from tokens.css. Inline hex is allowed only for one-off values that will not repeat.  color-no-hex
   335:15  ‼  Use a token from tokens.css. Inline hex is allowed only for one-off values that will not repeat.  color-no-hex
   341:10  ‼  Use a token from tokens.css. Inline hex is allowed only for one-off values that will not repeat.  color-no-hex
   370:10  ‼  Use a token from tokens.css. Inline hex is allowed only for one-off values that will not repeat.  color-no-hex
   375:15  ‼  Use a token from tokens.css. Inline hex is allowed only for one-off values that will not repeat.  color-no-hex
   376:21  ‼  Use a token from tokens.css. Inline hex is allowed only for one-off values that will not repeat.  color-no-hex
   381:10  ‼  Use a token from tokens.css. Inline hex is allowed only for one-off values that will not repeat.  color-no-hex
   382:15  ‼  Use a token from tokens.css. Inline hex is allowed only for one-off values that will not repeat.  color-no-hex
   413:10  ‼  Use a token from tokens.css. Inline hex is allowed only for one-off values that will not repeat.  color-no-hex
   428:10  ‼  Use a token from tokens.css. Inline hex is allowed only for one-off values that will not repeat.  color-no-hex
   432:21  ‼  Use a token from tokens.css. Inline hex is allowed only for one-off values that will not repeat.  color-no-hex
   433:21  ‼  Use a token from tokens.css. Inline hex is allowed only for one-off values that will not repeat.  color-no-hex
   435:37  ‼  Use a token from tokens.css. Inline hex is allowed only for one-off values that will not repeat.  color-no-hex
   442:21  ‼  Use a token from tokens.css. Inline hex is allowed only for one-off values that will not repeat.  color-no-hex
   444:15  ‼  Use a token from tokens.css. Inline hex is allowed only for one-off values that will not repeat.  color-no-hex
   446:26  ‼  Use a token from tokens.css. Inline hex is allowed only for one-off values that will not repeat.  color-no-hex
   474:10  ‼  Use a token from tokens.css. Inline hex is allowed only for one-off values that will not repeat.  color-no-hex
   478:10  ‼  Use a token from tokens.css. Inline hex is allowed only for one-off values that will not repeat.  color-no-hex
   481:17  ‼  Use a token from tokens.css. Inline hex is allowed only for one-off values that will not repeat.  color-no-hex
   483:15  ‼  Use a token from tokens.css. Inline hex is allowed only for one-off values that will not repeat.  color-no-hex
   484:16  ‼  Use a token from tokens.css. Inline hex is allowed only for one-off values that will not repeat.  color-no-hex
   488:17  ‼  Use a token from tokens.css. Inline hex is allowed only for one-off values that will not repeat.  color-no-hex
   495:10  ‼  Use a token from tokens.css. Inline hex is allowed only for one-off values that will not repeat.  color-no-hex
   507:15  ‼  Use a token from tokens.css. Inline hex is allowed only for one-off values that will not repeat.  color-no-hex
   515:25  ‼  Use a token from tokens.css. Inline hex is allowed only for one-off values that will not repeat.  color-no-hex
   516:15  ‼  Use a token from tokens.css. Inline hex is allowed only for one-off values that will not repeat.  color-no-hex
   523:10  ‼  Use a token from tokens.css. Inline hex is allowed only for one-off values that will not repeat.  color-no-hex
   526:10  ‼  Use a token from tokens.css. Inline hex is allowed only for one-off values that will not repeat.  color-no-hex
   532:9   ‼  Use a token from tokens.css. Inline hex is allowed only for one-off values that will not repeat.  color-no-hex
   535:11  ‼  Use a token from tokens.css. Inline hex is allowed only for one-off values that will not repeat.  color-no-hex
   540:15  ‼  Use a token from tokens.css. Inline hex is allowed only for one-off values that will not repeat.  color-no-hex
   541:21  ‼  Use a token from tokens.css. Inline hex is allowed only for one-off values that will not repeat.  color-no-hex
   557:10  ‼  Use a token from tokens.css. Inline hex is allowed only for one-off values that will not repeat.  color-no-hex
   567:15  ‼  Use a token from tokens.css. Inline hex is allowed only for one-off values that will not repeat.  color-no-hex
   578:10  ‼  Use a token from tokens.css. Inline hex is allowed only for one-off values that will not repeat.  color-no-hex
   590:21  ‼  Use a token from tokens.css. Inline hex is allowed only for one-off values that will not repeat.  color-no-hex
   594:15  ‼  Use a token from tokens.css. Inline hex is allowed only for one-off values that will not repeat.  color-no-hex
   603:15  ‼  Use a token from tokens.css. Inline hex is allowed only for one-off values that will not repeat.  color-no-hex
   604:21  ‼  Use a token from tokens.css. Inline hex is allowed only for one-off values that will not repeat.  color-no-hex
   605:27  ‼  Use a token from tokens.css. Inline hex is allowed only for one-off values that will not repeat.  color-no-hex
   615:10  ‼  Use a token from tokens.css. Inline hex is allowed only for one-off values that will not repeat.  color-no-hex
   619:15  ‼  Use a token from tokens.css. Inline hex is allowed only for one-off values that will not repeat.  color-no-hex
   620:21  ‼  Use a token from tokens.css. Inline hex is allowed only for one-off values that will not repeat.  color-no-hex
   628:10  ‼  Use a token from tokens.css. Inline hex is allowed only for one-off values that will not repeat.  color-no-hex
   634:10  ‼  Use a token from tokens.css. Inline hex is allowed only for one-off values that will not repeat.  color-no-hex
   650:15  ‼  Use a token from tokens.css. Inline hex is allowed only for one-off values that will not repeat.  color-no-hex
   652:10  ‼  Use a token from tokens.css. Inline hex is allowed only for one-off values that will not repeat.  color-no-hex
   660:10  ‼  Use a token from tokens.css. Inline hex is allowed only for one-off values that will not repeat.  color-no-hex
   664:10  ‼  Use a token from tokens.css. Inline hex is allowed only for one-off values that will not repeat.  color-no-hex
   669:10  ‼  Use a token from tokens.css. Inline hex is allowed only for one-off values that will not repeat.  color-no-hex
   673:10  ‼  Use a token from tokens.css. Inline hex is allowed only for one-off values that will not repeat.  color-no-hex
   682:15  ‼  Use a token from tokens.css. Inline hex is allowed only for one-off values that will not repeat.  color-no-hex
   711:15  ‼  Use a token from tokens.css. Inline hex is allowed only for one-off values that will not repeat.  color-no-hex
   718:15  ‼  Use a token from tokens.css. Inline hex is allowed only for one-off values that will not repeat.  color-no-hex
   742:10  ‼  Use a token from tokens.css. Inline hex is allowed only for one-off values that will not repeat.  color-no-hex
   751:20  ‼  Use a token from tokens.css. Inline hex is allowed only for one-off values that will not repeat.  color-no-hex
   755:10  ‼  Use a token from tokens.css. Inline hex is allowed only for one-off values that will not repeat.  color-no-hex
   767:15  ‼  Use a token from tokens.css. Inline hex is allowed only for one-off values that will not repeat.  color-no-hex
   771:15  ‼  Use a token from tokens.css. Inline hex is allowed only for one-off values that will not repeat.  color-no-hex
   776:10  ‼  Use a token from tokens.css. Inline hex is allowed only for one-off values that will not repeat.  color-no-hex
   790:10  ‼  Use a token from tokens.css. Inline hex is allowed only for one-off values that will not repeat.  color-no-hex
   807:10  ‼  Use a token from tokens.css. Inline hex is allowed only for one-off values that will not repeat.  color-no-hex
   811:15  ‼  Use a token from tokens.css. Inline hex is allowed only for one-off values that will not repeat.  color-no-hex
   812:21  ‼  Use a token from tokens.css. Inline hex is allowed only for one-off values that will not repeat.  color-no-hex
   835:10  ‼  Use a token from tokens.css. Inline hex is allowed only for one-off values that will not repeat.  color-no-hex
   842:10  ‼  Use a token from tokens.css. Inline hex is allowed only for one-off values that will not repeat.  color-no-hex
   845:10  ‼  Use a token from tokens.css. Inline hex is allowed only for one-off values that will not repeat.  color-no-hex
   848:10  ‼  Use a token from tokens.css. Inline hex is allowed only for one-off values that will not repeat.  color-no-hex
   854:23  ‼  Use a token from tokens.css. Inline hex is allowed only for one-off values that will not repeat.  color-no-hex
   855:21  ‼  Use a token from tokens.css. Inline hex is allowed only for one-off values that will not repeat.  color-no-hex
   856:23  ‼  Use a token from tokens.css. Inline hex is allowed only for one-off values that will not repeat.  color-no-hex
   863:10  ‼  Use a token from tokens.css. Inline hex is allowed only for one-off values that will not repeat.  color-no-hex
   880:10  ‼  Use a token from tokens.css. Inline hex is allowed only for one-off values that will not repeat.  color-no-hex
   892:10  ‼  Use a token from tokens.css. Inline hex is allowed only for one-off values that will not repeat.  color-no-hex
   893:21  ‼  Use a token from tokens.css. Inline hex is allowed only for one-off values that will not repeat.  color-no-hex
   901:15  ‼  Use a token from tokens.css. Inline hex is allowed only for one-off values that will not repeat.  color-no-hex
   905:21  ‼  Use a token from tokens.css. Inline hex is allowed only for one-off values that will not repeat.  color-no-hex
   907:15  ‼  Use a token from tokens.css. Inline hex is allowed only for one-off values that will not repeat.  color-no-hex
   932:15  ‼  Use a token from tokens.css. Inline hex is allowed only for one-off values that will not repeat.  color-no-hex
   942:10  ‼  Use a token from tokens.css. Inline hex is allowed only for one-off values that will not repeat.  color-no-hex
   954:10  ‼  Use a token from tokens.css. Inline hex is allowed only for one-off values that will not repeat.  color-no-hex
   958:17  ‼  Use a token from tokens.css. Inline hex is allowed only for one-off values that will not repeat.  color-no-hex
   963:10  ‼  Use a token from tokens.css. Inline hex is allowed only for one-off values that will not repeat.  color-no-hex
   968:10  ‼  Use a token from tokens.css. Inline hex is allowed only for one-off values that will not repeat.  color-no-hex
   978:10  ‼  Use a token from tokens.css. Inline hex is allowed only for one-off values that will not repeat.  color-no-hex
   987:15  ‼  Use a token from tokens.css. Inline hex is allowed only for one-off values that will not repeat.  color-no-hex
   988:21  ‼  Use a token from tokens.css. Inline hex is allowed only for one-off values that will not repeat.  color-no-hex
   996:17  ‼  Use a token from tokens.css. Inline hex is allowed only for one-off values that will not repeat.  color-no-hex
   997:25  ‼  Use a token from tokens.css. Inline hex is allowed only for one-off values that will not repeat.  color-no-hex
  1009:10  ‼  Use a token from tokens.css. Inline hex is allowed only for one-off values that will not repeat.  color-no-hex
  1017:10  ‼  Use a token from tokens.css. Inline hex is allowed only for one-off values that will not repeat.  color-no-hex
  1026:10  ‼  Use a token from tokens.css. Inline hex is allowed only for one-off values that will not repeat.  color-no-hex
  1036:15  ‼  Use a token from tokens.css. Inline hex is allowed only for one-off values that will not repeat.  color-no-hex
  1037:10  ‼  Use a token from tokens.css. Inline hex is allowed only for one-off values that will not repeat.  color-no-hex
  1045:15  ‼  Use a token from tokens.css. Inline hex is allowed only for one-off values that will not repeat.  color-no-hex
  1050:10  ‼  Use a token from tokens.css. Inline hex is allowed only for one-off values that will not repeat.  color-no-hex
  1069:31  ‼  Use a token from tokens.css. Inline hex is allowed only for one-off values that will not repeat.  color-no-hex
  1087:15  ‼  Use a token from tokens.css. Inline hex is allowed only for one-off values that will not repeat.  color-no-hex
  1113:15  ‼  Use a token from tokens.css. Inline hex is allowed only for one-off values that will not repeat.  color-no-hex
  1114:10  ‼  Use a token from tokens.css. Inline hex is allowed only for one-off values that will not repeat.  color-no-hex
  1136:15  ‼  Use a token from tokens.css. Inline hex is allowed only for one-off values that will not repeat.  color-no-hex
  1171:15  ‼  Use a token from tokens.css. Inline hex is allowed only for one-off values that will not repeat.  color-no-hex
  1180:21  ‼  Use a token from tokens.css. Inline hex is allowed only for one-off values that will not repeat.  color-no-hex
  1181:37  ‼  Use a token from tokens.css. Inline hex is allowed only for one-off values that will not repeat.  color-no-hex
  1187:15  ‼  Use a token from tokens.css. Inline hex is allowed only for one-off values that will not repeat.  color-no-hex
  1188:27  ‼  Use a token from tokens.css. Inline hex is allowed only for one-off values that will not repeat.  color-no-hex
  1201:17  ‼  Use a token from tokens.css. Inline hex is allowed only for one-off values that will not repeat.  color-no-hex
  1202:25  ‼  Use a token from tokens.css. Inline hex is allowed only for one-off values that will not repeat.  color-no-hex
  1210:11  ‼  Use a token from tokens.css. Inline hex is allowed only for one-off values that will not repeat.  color-no-hex
  1213:15  ‼  Use a token from tokens.css. Inline hex is allowed only for one-off values that will not repeat.  color-no-hex
  1221:15  ‼  Use a token from tokens.css. Inline hex is allowed only for one-off values that will not repeat.  color-no-hex
  1239:15  ‼  Use a token from tokens.css. Inline hex is allowed only for one-off values that will not repeat.  color-no-hex
  1264:26  ‼  Use a token from tokens.css. Inline hex is allowed only for one-off values that will not repeat.  color-no-hex
  1274:15  ‼  Use a token from tokens.css. Inline hex is allowed only for one-off values that will not repeat.  color-no-hex
  1290:15  ‼  Use a token from tokens.css. Inline hex is allowed only for one-off values that will not repeat.  color-no-hex
  1291:17  ‼  Use a token from tokens.css. Inline hex is allowed only for one-off values that will not repeat.  color-no-hex
  1307:15  ‼  Use a token from tokens.css. Inline hex is allowed only for one-off values that will not repeat.  color-no-hex
  1323:15  ‼  Use a token from tokens.css. Inline hex is allowed only for one-off values that will not repeat.  color-no-hex
  1335:15  ‼  Use a token from tokens.css. Inline hex is allowed only for one-off values that will not repeat.  color-no-hex
  1350:15  ‼  Use a token from tokens.css. Inline hex is allowed only for one-off values that will not repeat.  color-no-hex
  1351:10  ‼  Use a token from tokens.css. Inline hex is allowed only for one-off values that will not repeat.  color-no-hex
  1355:15  ‼  Use a token from tokens.css. Inline hex is allowed only for one-off values that will not repeat.  color-no-hex
  1356:10  ‼  Use a token from tokens.css. Inline hex is allowed only for one-off values that will not repeat.  color-no-hex
  1365:21  ‼  Use a token from tokens.css. Inline hex is allowed only for one-off values that will not repeat.  color-no-hex
  1366:28  ‼  Use a token from tokens.css. Inline hex is allowed only for one-off values that will not repeat.  color-no-hex
  1369:28  ‼  Use a token from tokens.css. Inline hex is allowed only for one-off values that will not repeat.  color-no-hex
  1373:21  ‼  Use a token from tokens.css. Inline hex is allowed only for one-off values that will not repeat.  color-no-hex
  1375:15  ‼  Use a token from tokens.css. Inline hex is allowed only for one-off values that will not repeat.  color-no-hex
  1379:15  ‼  Use a token from tokens.css. Inline hex is allowed only for one-off values that will not repeat.  color-no-hex
  1380:17  ‼  Use a token from tokens.css. Inline hex is allowed only for one-off values that will not repeat.  color-no-hex
  1381:26  ‼  Use a token from tokens.css. Inline hex is allowed only for one-off values that will not repeat.  color-no-hex
  1394:15  ‼  Use a token from tokens.css. Inline hex is allowed only for one-off values that will not repeat.  color-no-hex
  1395:10  ‼  Use a token from tokens.css. Inline hex is allowed only for one-off values that will not repeat.  color-no-hex
  1405:17  ‼  Use a token from tokens.css. Inline hex is allowed only for one-off values that will not repeat.  color-no-hex
  1407:15  ‼  Use a token from tokens.css. Inline hex is allowed only for one-off values that will not repeat.  color-no-hex
  1408:16  ‼  Use a token from tokens.css. Inline hex is allowed only for one-off values that will not repeat.  color-no-hex
  1414:15  ‼  Use a token from tokens.css. Inline hex is allowed only for one-off values that will not repeat.  color-no-hex
  1418:15  ‼  Use a token from tokens.css. Inline hex is allowed only for one-off values that will not repeat.  color-no-hex
  1423:10  ‼  Use a token from tokens.css. Inline hex is allowed only for one-off values that will not repeat.  color-no-hex
  1428:15  ‼  Use a token from tokens.css. Inline hex is allowed only for one-off values that will not repeat.  color-no-hex
  1446:15  ‼  Use a token from tokens.css. Inline hex is allowed only for one-off values that will not repeat.  color-no-hex
  1448:21  ‼  Use a token from tokens.css. Inline hex is allowed only for one-off values that will not repeat.  color-no-hex
  1459:21  ‼  Use a token from tokens.css. Inline hex is allowed only for one-off values that will not repeat.  color-no-hex
  1469:15  ‼  Use a token from tokens.css. Inline hex is allowed only for one-off values that will not repeat.  color-no-hex
  1482:15  ‼  Use a token from tokens.css. Inline hex is allowed only for one-off values that will not repeat.  color-no-hex
  1487:15  ‼  Use a token from tokens.css. Inline hex is allowed only for one-off values that will not repeat.  color-no-hex
  1511:15  ‼  Use a token from tokens.css. Inline hex is allowed only for one-off values that will not repeat.  color-no-hex
  1512:21  ‼  Use a token from tokens.css. Inline hex is allowed only for one-off values that will not repeat.  color-no-hex
  1515:28  ‼  Use a token from tokens.css. Inline hex is allowed only for one-off values that will not repeat.  color-no-hex
  1520:15  ‼  Use a token from tokens.css. Inline hex is allowed only for one-off values that will not repeat.  color-no-hex
  1542:10  ‼  Use a token from tokens.css. Inline hex is allowed only for one-off values that will not repeat.  color-no-hex
  1548:10  ‼  Use a token from tokens.css. Inline hex is allowed only for one-off values that will not repeat.  color-no-hex
  1553:15  ‼  Use a token from tokens.css. Inline hex is allowed only for one-off values that will not repeat.  color-no-hex
  1554:21  ‼  Use a token from tokens.css. Inline hex is allowed only for one-off values that will not repeat.  color-no-hex
  1574:17  ‼  Use a token from tokens.css. Inline hex is allowed only for one-off values that will not repeat.  color-no-hex
  1580:10  ‼  Use a token from tokens.css. Inline hex is allowed only for one-off values that will not repeat.  color-no-hex
  1589:25  ‼  Use a token from tokens.css. Inline hex is allowed only for one-off values that will not repeat.  color-no-hex
  1612:28  ‼  Use a token from tokens.css. Inline hex is allowed only for one-off values that will not repeat.  color-no-hex
  1628:15  ‼  Use a token from tokens.css. Inline hex is allowed only for one-off values that will not repeat.  color-no-hex
  1629:10  ‼  Use a token from tokens.css. Inline hex is allowed only for one-off values that will not repeat.  color-no-hex
  1643:21  ‼  Use a token from tokens.css. Inline hex is allowed only for one-off values that will not repeat.  color-no-hex
  1647:15  ‼  Use a token from tokens.css. Inline hex is allowed only for one-off values that will not repeat.  color-no-hex
  1656:10  ‼  Use a token from tokens.css. Inline hex is allowed only for one-off values that will not repeat.  color-no-hex
  1773:27  ‼  Use a token from tokens.css. Inline hex is allowed only for one-off values that will not repeat.  color-no-hex
  1845:15  ‼  Use a token from tokens.css. Inline hex is allowed only for one-off values that will not repeat.  color-no-hex
  1846:21  ‼  Use a token from tokens.css. Inline hex is allowed only for one-off values that will not repeat.  color-no-hex
  1858:10  ‼  Use a token from tokens.css. Inline hex is allowed only for one-off values that will not repeat.  color-no-hex
  1868:10  ‼  Use a token from tokens.css. Inline hex is allowed only for one-off values that will not repeat.  color-no-hex
  1872:10  ‼  Use a token from tokens.css. Inline hex is allowed only for one-off values that will not repeat.  color-no-hex

‼ 556 problems (0 errors, 556 warnings)


> takko-studio@0.2.0 build
> tsc --noEmit && vite build

vite v8.3.0 building client environment for production...
transforming...
✓ 171 modules transformed.
rendering chunks...
computing gzip size...
dist/index.html                              0.52 kB │ gzip:   0.33 kB
dist/assets/DesignLab-Gs8meDSA.css          33.24 kB │ gzip:   6.60 kB
dist/assets/index-DTbUv3UD.css             125.70 kB │ gzip:  24.00 kB
dist/assets/AnimationPlayer-GJXN4ULC.js      1.11 kB │ gzip:   0.62 kB
dist/assets/AssetModelPreview-BtW62bIw.js    1.12 kB │ gzip:   0.68 kB
dist/assets/AnimationGallery-BntNEkZn.js     1.30 kB │ gzip:   0.72 kB
dist/assets/DesignLab-BYoIv-ak.js           45.50 kB │ gzip:  11.49 kB
dist/assets/TakkoViewport-CyXCOtGD.js      566.80 kB │ gzip: 141.92 kB
dist/assets/index-CI3iWJX0.js              718.28 kB │ gzip: 166.32 kB

✓ built in 330ms
[plugin builtin:vite-reporter] 
(!) Some chunks are larger than 500 kB after minification. Consider:
- Using dynamic import() to code-split the application
- Use build.rolldownOptions.output.codeSplitting to improve chunking: https://rolldown.rs/reference/OutputOptions.codeSplitting
- Adjust chunk size limit for this warning via build.chunkSizeWarningLimit.

> takko-studio@0.2.0 test:desktop
> tsc --noEmit --project desktop/tsconfig.json && node desktop/build.mjs && node --test desktop/tests/*.test.mjs

Desktop resources built in dist-desktop. No application was launched.
✔ Roblox CDN is allowed only for HTTPS image requests (1.1838ms)
✔ only HTTPS Creator Store asset and Roblox documentation links open externally (0.4639ms)
✔ desktop keeps Roblox connector paths while excluding inference credentials (0.9428ms)
✔ Takko keeps the existing desktop storage and lock location after rebranding (0.3125ms)
✔ an explicit isolated workspace does not change the default desktop directory (0.166ms)
✔ accepts only nonce-bound readiness from its own child (2.3429ms)
✔ startup deadline fails and kills only owned worker (22.1128ms)
✔ crash after readiness fails visibly without automatic restart (0.6455ms)
✔ unresponsive shutdown escalates, repeated stop shares completion (29.6721ms)
✔ lost IPC during heartbeat reports failure and cleans up the worker (15.0915ms)
✔ lost shutdown IPC still terminates owned worker and settles stop (0.5356ms)
✔ stop during startup rejects pending start and prevents late readiness (0.3017ms)
✔ navigation rejects other origins, credentials and non-HTTP schemes (0.5944ms)
✔ bundled service uses isolated data, private readiness, and graceful shutdown (465.7517ms)
ℹ tests 14
ℹ suites 0
ℹ pass 14
ℹ fail 0
ℹ cancelled 0
ℹ skipped 0
ℹ todo 0
ℹ duration_ms 615.495

> takko-studio@0.2.0 test:production
> node scripts/smoke-production.mjs

Production smoke passed: HTML, bundle, API, unknown route

> takko-studio@0.2.0 test:e2e
> playwright test

[WebServer] (node:24988) Warning: The 'NO_COLOR' env is ignored due to the 'FORCE_COLOR' env being set.
[WebServer] (Use `node --trace-warnings ...` to show where the warning was created)
[WebServer] [plugin builtin:vite-reporter] 
[WebServer] (!) Some chunks are larger than 500 kB after minification. Consider:
[WebServer] - Using dynamic import() to code-split the application
[WebServer] - Use build.rolldownOptions.output.codeSplitting to improve chunking: https://rolldown.rs/reference/OutputOptions.codeSplitting
[WebServer] - Adjust chunk size limit for this warning via build.chunkSizeWarningLimit.
[WebServer] (node:38000) Warning: The 'NO_COLOR' env is ignored due to the 'FORCE_COLOR' env being set.
[WebServer] (Use `node --trace-warnings ...` to show where the warning was created)
[WebServer] (node:31140) Warning: The 'NO_COLOR' env is ignored due to the 'FORCE_COLOR' env being set.
[WebServer] (Use `node --trace-warnings ...` to show where the warning was created)
[WebServer] (node:33264) Warning: The 'NO_COLOR' env is ignored due to the 'FORCE_COLOR' env being set.
[WebServer] (Use `node --trace-warnings ...` to show where the warning was created)

Running 164 tests using 1 worker

(node:20628) Warning: The 'NO_COLOR' env is ignored due to the 'FORCE_COLOR' env being set.
(Use `node --trace-warnings ...` to show where the warning was created)
  ok   1 [desktop] › tests\browser\asset-choices.spec.ts:5:1 › asset relevance is labelled as advice and never selects a candidate (4.3s)
  ok   2 [desktop] › tests\browser\asset-choices.spec.ts:33:1 › already planned briefs still discover assets and expose brief approval (4.2s)
  ok   3 [desktop] › tests\browser\asset-choices.spec.ts:51:1 › brief searches automatically, previews geometry and clips, then approves without typing (7.3s)
  ok   4 [desktop] › tests\browser\asset-choices.spec.ts:151:1 › dirty and changed briefs invalidate approval and search again (2.4s)
  ok   5 [desktop] › tests\browser\asset-choices.spec.ts:171:1 › connection failures and empty results give an explicit recovery path (2.3s)
  ok   6 [desktop] › tests\browser\asset-execution.spec.ts:3:1 › asset execution requires explicit Studio selection and shows unavailable connection honestly (8.4s)
  ok   7 [desktop] › tests\browser\b-foundation.spec.ts:3:1 › selected B workspace docks editing below the visible graph and preserves contracts (5.1s)
  ok   8 [desktop] › tests\browser\b-foundation.spec.ts:145:1 › B icon navigation retains project selection and real model settings (2.4s)
  ok   9 [desktop] › tests\browser\concept.spec.ts:59:1 › concept choices, explicit delegation, reload and planning handoff (5.6s)
  ok  10 [desktop] › tests\browser\concept.spec.ts:120:1 › custom answers are retained and edited requests cannot use a stale concept (2.6s)
  ok  11 [desktop] › tests\browser\concept.spec.ts:154:1 › older running servers retain direct planning without offering an unavailable action (2.2s)
  ok  12 [desktop] › tests\browser\concept.spec.ts:171:1 › a completed concept appears without waiting for another library scan (2.2s)
  ok  13 [desktop] › tests\browser\concept.spec.ts:226:1 › legacy and unresolved concepts remain inspectable without a planning action (4.3s)
  ok  14 [desktop] › tests\browser\connection-recovery.spec.ts:5:1 › connection refresh shows progress, retries failed discovery, clears stale Studio and aligns controls (4.6s)
  ok  15 [desktop] › tests\browser\connection-recovery.spec.ts:15:1 › Marketplace uses the same connection status and aligned search controls (382ms)
  ok  16 [desktop] › tests\browser\connection-recovery.spec.ts:52:1 › a connected Studio with unsaved answers explains the search blocker (5.0s)
  ok  17 [desktop] › tests\browser\connection-recovery.spec.ts:83:1 › truncation recovery opens Models without dispatching another generation (563ms)
  ok  18 [desktop] › tests\browser\conversation-planning.spec.ts:89:1 › persistent proposal exposes one build approval and preserves untouched sections after chat (4.6s)
  ok  19 [desktop] › tests\browser\conversation-planning.spec.ts:127:1 › a failed edit retains the visible proposal and unsent request (4.2s)
  ok  20 [desktop] › tests\browser\coordinator-workers.spec.ts:4:1 › coordinator activity exposes saved and interrupted worker results without claiming gameplay verification (2.4s)
  ok  21 [desktop] › tests\browser\design-lab.spec.ts:3:1 › design lab switches real workspaces without reload, API calls or losing graph edits (1.9s)
  ok  22 [desktop] › tests\browser\design-lab.spec.ts:63:1 › design lab renders actual imported 3D tracks and playback survives direction switching (1.2s)
  ok  23 [desktop] › tests\browser\design-lab.spec.ts:93:1 › sandbox state controls, review and composer remain local and keyboard accessible (2.1s)
  ok  24 [desktop] › tests\browser\design-lab.spec.ts:138:1 › design sandbox respects reduced motion and does not load on production routes (837ms)
  ok  25 [desktop] › tests\browser\grok-ui.spec.ts:3:1 › taco mascot loads in both brand placements and shares the favicon asset (3.1s)
  ok  26 [desktop] › tests\browser\grok-ui.spec.ts:32:1 › starting points fill the composer without creating or generating a project (301ms)
  ok  27 [desktop] › tests\browser\grok-ui.spec.ts:59:1 › recent cards open saved projects and project search only filters navigation (3.3s)
  ok  28 [desktop] › tests\browser\grok-ui.spec.ts:109:1 › monochrome layout keeps composer actions reachable at narrow widths (394ms)
  ok  29 [desktop] › tests\browser\integrated-workspace.spec.ts:11:1 › canvas and conversation stay visible and remote changes never overwrite local edits (7.9s)
  ok  30 [desktop] › tests\browser\integrated-workspace.spec.ts:82:1 › canvas pan, zoom, dragging and auto layout preserve game connection contracts (4.0s)
  ok  31 [desktop] › tests\browser\integrated-workspace.spec.ts:147:1 › R15 previews respect reduced motion and recover explicitly when graphics context is lost (4.5s)
  ok  32 [desktop] › tests\browser\lemonade-layout.spec.ts:5:1 › research routing preference survives save and reopen (4.7s)
  ok  33 [desktop] › tests\browser\lemonade-layout.spec.ts:39:1 › shows reference research, uncertainty and source links in the brief (2.3s)
  ok  34 [desktop] › tests\browser\lemonade-layout.spec.ts:92:1 › shows a concise generation failure with expandable diagnostics (2.3s)
  ok  35 [desktop] › tests\browser\lemonade-layout.spec.ts:126:1 › minimal prompt and saved preset preserve real role preferences (2.2s)
  ok  36 [desktop] › tests\browser\lemonade-layout.spec.ts:193:1 › minimal task list, source, history and follow-up use the current project (3.8s)
  ok  37 [desktop] › tests\browser\lemonade-layout.spec.ts:275:1 › sending a follow-up preserves the original request and updates the plan once (6.4s)
  ok  38 [desktop] › tests\browser\marketplace-animation.spec.ts:4:1 › dropped animation pack opens all entries, switches real WebGL clips and survives reload (5.3s)
  ok  39 [desktop] › tests\browser\marketplace.spec.ts:4:1 › existing-project asset roles survive follow-up and reload without leaking into new chat (4.5s)
  ok  40 [desktop] › tests\browser\marketplace.spec.ts:100:1 › Marketplace supports saved assets, inspected drag/drop and chat attachment context (3.6s)
  ok  41 [desktop] › tests\browser\marketplace.spec.ts:232:1 › blocked first drops display findings and never become chat attachments (578ms)
  ok  42 [desktop] › tests\browser\polling.spec.ts:3:1 › a slow project poll cannot overlap or restore a project after navigating home (6.8s)
  ok  43 [desktop] › tests\browser\polling.spec.ts:37:1 › slow polls do not overlap and a transient failure clears after recovery (7.3s)
  ok  44 [desktop] › tests\browser\polling.spec.ts:65:1 › a successful poll does not clear an action error (2.2s)
  ok  45 [desktop] › tests\browser\provider-connections.spec.ts:6:1 › catalog stays locked for rejected keys, then two models reuse one validated provider (4.3s)
  ok  46 [desktop] › tests\browser\settings-workspace.spec.ts:38:1 › preset keeps ordered backups, specialist roles and its own budget after reload (3.5s)
  ok  47 [desktop] › tests\browser\settings-workspace.spec.ts:79:1 › Jev is optional non-coding work and cannot become the coding model (3.7s)
  ok  48 [desktop] › tests\browser\settings-workspace.spec.ts:138:1 › creates a named preset and activates it without generation (4.6s)
  ok  49 [desktop] › tests\browser\settings-workspace.spec.ts:172:1 › draft and one-off limit survive opening Models (1.8s)
  ok  50 [desktop] › tests\browser\settings-workspace.spec.ts:211:1 › unsaved preset dismissal keeps saved values (1.9s)
  ok  51 [desktop] › tests\browser\settings-workspace.spec.ts:224:1 › provider catalog loads automatically and persists selected models (4.1s)
  ok  52 [desktop] › tests\browser\settings-workspace.spec.ts:257:1 › provider change clears catalog and matching credentials are reused (2.5s)
  ok  53 [desktop] › tests\browser\settings-workspace.spec.ts:286:1 › strict concept opt-in is saved for Anthropic and cleared when switching models (5.0s)
  ok  54 [desktop] › tests\browser\settings-workspace.spec.ts:337:1 › Models and Presets pages and dialogs pass accessibility and keep actions visible (4.6s)
  ok  55 [desktop] › tests\browser\settings-workspace.spec.ts:382:1 › project-specific preset route survives refresh (1.6s)
  ok  56 [desktop] › tests\browser\settings-workspace.spec.ts:398:1 › Presets is a separate sidebar page directly below Models (2.8s)
  ok  57 [desktop] › tests\browser\studio-connection.spec.ts:5:1 › disconnected projects show setup, offline hides architecture, reconnect opens it (1.3s)
  ok  58 [desktop] › tests\browser\studio-connection.spec.ts:97:1 › a created project checks Studio before showing its architecture (1.7s)
  ok  59 [desktop] › tests\browser\studio-recovery.spec.ts:4:1 › Studio shows unresolved delivery honestly and only cancels undispatched work (9.8s)
  ok  60 [desktop] › tests\browser\surgical-ux.spec.ts:4:1 › pointer and keyboard focus use different shared treatments (369ms)
  ok  61 [desktop] › tests\browser\surgical-ux.spec.ts:9:1 › Question opens, preserves Back choices and custom answers, and leaves a compact receipt (4.4s)
  ok  62 [desktop] › tests\browser\surgical-ux.spec.ts:18:1 › paged browsing preserves scroll, chooses from preview and releases its renderer in a short window (5.0s)
  ok  63 [desktop] › tests\browser\surgical-ux.spec.ts:31:1 › long structured questions scroll while their actions remain reachable (2.2s)
  ok  64 [desktop] › tests\browser\typography.spec.ts:19:1 › system typography requires no external fonts and fits the minimal responsive layout (492ms)
  ok  65 [desktop] › tests\browser\typography.spec.ts:71:1 › workspace typography keeps prose readable and controls usable (4.1s)
  ok  66 [desktop] › tests\browser\ui-polish.spec.ts:5:1 › focused decisions retain choices, support multiple and skip, and save a compact receipt (6.0s)
  ok  67 [desktop] › tests\browser\ui-polish.spec.ts:82:1 › dialog custom input, focus loop, Escape and restored draft work without submission (2.3s)
  ok  68 [desktop] › tests\browser\ui-polish.spec.ts:115:1 › one simple decision stays inline and custom answers remain available (2.3s)
  ok  69 [desktop] › tests\browser\ui-polish.spec.ts:135:1 › panel pointer and keyboard resize respect bounds and survive reload (4.5s)
  ok  70 [desktop] › tests\browser\ui-polish.spec.ts:177:1 › inspector, source, Studio, plan and composer stay usable (3.4s)
  ok  71 [desktop] › tests\browser\workflow.spec.ts:6:1 › model dialog traps keyboard focus and restores its launcher (2.2s)
  ok  72 [desktop] › tests\browser\workflow.spec.ts:26:1 › project selection survives refresh and detail controls support keyboard activation (6.3s)
  ok  73 [desktop] › tests\browser\workflow.spec.ts:58:1 › catalog search selects a model and its published rates (2.1s)
  x   74 [desktop] › tests\browser\workflow.spec.ts:107:1 › welcomes multiple game ideas without generating a preset or claiming a connection (5.5s)
(node:33988) Warning: The 'NO_COLOR' env is ignored due to the 'FORCE_COLOR' env being set.
(Use `node --trace-warnings ...` to show where the warning was created)
  ok  75 [desktop] › tests\browser\workflow.spec.ts:136:1 › configures provider keys without reflecting secrets or persisting them in browser storage (3.1s)
  ok  76 [desktop] › tests\browser\workflow.spec.ts:182:1 › keeps the model editor open when saving fails (2.0s)
  ok  77 [desktop] › tests\browser\workflow.spec.ts:204:1 › welcome and model settings pass accessibility checks and fit the viewport (1.3s)
  ok  78 [desktop] › tests\browser\workflow.spec.ts:227:1 › builds an approved non-combat project through a real HTTP provider adapter (15.3s)
(node:5004) Warning: The 'NO_COLOR' env is ignored due to the 'FORCE_COLOR' env being set.
(Use `node --trace-warnings ...` to show where the warning was created)
  ok  79 [desktop] › tests\browser\chat-architecture.spec.ts:5:1 › four selected assets leave the conversation and send controls usable in a short window (2.7s)
  ok  80 [desktop] › tests\browser\chat-architecture.spec.ts:53:1 › reviewed node connections persist and do not dispatch generation (7.6s)
  ok  81 [desktop] › tests\browser\chat-architecture.spec.ts:133:1 › chat retains message drafts and opens technical details without losing them (7.6s)
  ok  82 [desktop] › tests\browser\chat-architecture.spec.ts:176:1 › actual imported keyframes move the inline rig and survive refresh (10.4s)
(node:36008) Warning: The 'NO_COLOR' env is ignored due to the 'FORCE_COLOR' env being set.
(Use `node --trace-warnings ...` to show where the warning was created)
  ok  83 [mobile] › tests\browser\asset-choices.spec.ts:5:1 › asset relevance is labelled as advice and never selects a candidate (4.3s)
  ok  84 [mobile] › tests\browser\asset-choices.spec.ts:33:1 › already planned briefs still discover assets and expose brief approval (4.2s)
  ok  85 [mobile] › tests\browser\asset-choices.spec.ts:51:1 › brief searches automatically, previews geometry and clips, then approves without typing (8.1s)
  ok  86 [mobile] › tests\browser\asset-choices.spec.ts:151:1 › dirty and changed briefs invalidate approval and search again (2.5s)
  ok  87 [mobile] › tests\browser\asset-choices.spec.ts:171:1 › connection failures and empty results give an explicit recovery path (2.3s)
  ok  88 [mobile] › tests\browser\asset-execution.spec.ts:3:1 › asset execution requires explicit Studio selection and shows unavailable connection honestly (9.6s)
  ok  89 [mobile] › tests\browser\b-foundation.spec.ts:3:1 › selected B workspace docks editing below the visible graph and preserves contracts (4.0s)
  ok  90 [mobile] › tests\browser\b-foundation.spec.ts:145:1 › B icon navigation retains project selection and real model settings (294ms)
  ok  91 [mobile] › tests\browser\concept.spec.ts:59:1 › concept choices, explicit delegation, reload and planning handoff (7.1s)
  ok  92 [mobile] › tests\browser\concept.spec.ts:120:1 › custom answers are retained and edited requests cannot use a stale concept (2.8s)
  ok  93 [mobile] › tests\browser\concept.spec.ts:154:1 › older running servers retain direct planning without offering an unavailable action (2.3s)
  ok  94 [mobile] › tests\browser\concept.spec.ts:171:1 › a completed concept appears without waiting for another library scan (2.2s)
  ok  95 [mobile] › tests\browser\concept.spec.ts:226:1 › legacy and unresolved concepts remain inspectable without a planning action (4.6s)
  ok  96 [mobile] › tests\browser\connection-recovery.spec.ts:5:1 › connection refresh shows progress, retries failed discovery, clears stale Studio and aligns controls (4.9s)
  ok  97 [mobile] › tests\browser\connection-recovery.spec.ts:15:1 › Marketplace uses the same connection status and aligned search controls (364ms)
  ok  98 [mobile] › tests\browser\connection-recovery.spec.ts:52:1 › a connected Studio with unsaved answers explains the search blocker (5.3s)
  ok  99 [mobile] › tests\browser\connection-recovery.spec.ts:83:1 › truncation recovery opens Models without dispatching another generation (551ms)
  ok 100 [mobile] › tests\browser\conversation-planning.spec.ts:89:1 › persistent proposal exposes one build approval and preserves untouched sections after chat (4.7s)
  ok 101 [mobile] › tests\browser\conversation-planning.spec.ts:127:1 › a failed edit retains the visible proposal and unsent request (4.3s)
  ok 102 [mobile] › tests\browser\coordinator-workers.spec.ts:4:1 › coordinator activity exposes saved and interrupted worker results without claiming gameplay verification (2.7s)
  ok 103 [mobile] › tests\browser\design-lab.spec.ts:3:1 › design lab switches real workspaces without reload, API calls or losing graph edits (2.3s)
  ok 104 [mobile] › tests\browser\design-lab.spec.ts:63:1 › design lab renders actual imported 3D tracks and playback survives direction switching (1.5s)
  ok 105 [mobile] › tests\browser\design-lab.spec.ts:93:1 › sandbox state controls, review and composer remain local and keyboard accessible (1.7s)
  ok 106 [mobile] › tests\browser\design-lab.spec.ts:138:1 › design sandbox respects reduced motion and does not load on production routes (934ms)
  ok 107 [mobile] › tests\browser\grok-ui.spec.ts:3:1 › taco mascot loads in both brand placements and shares the favicon asset (4.4s)
  ok 108 [mobile] › tests\browser\grok-ui.spec.ts:32:1 › starting points fill the composer without creating or generating a project (441ms)
  ok 109 [mobile] › tests\browser\grok-ui.spec.ts:59:1 › recent cards open saved projects and project search only filters navigation (4.5s)
  ok 110 [mobile] › tests\browser\grok-ui.spec.ts:109:1 › monochrome layout keeps composer actions reachable at narrow widths (742ms)
  ok 111 [mobile] › tests\browser\integrated-workspace.spec.ts:11:1 › canvas and conversation stay visible and remote changes never overwrite local edits (9.9s)
  ok 112 [mobile] › tests\browser\integrated-workspace.spec.ts:82:1 › canvas pan, zoom, dragging and auto layout preserve game connection contracts (4.8s)
  ok 113 [mobile] › tests\browser\integrated-workspace.spec.ts:147:1 › R15 previews respect reduced motion and recover explicitly when graphics context is lost (6.1s)
  ok 114 [mobile] › tests\browser\lemonade-layout.spec.ts:5:1 › research routing preference survives save and reopen (3.6s)
  ok 115 [mobile] › tests\browser\lemonade-layout.spec.ts:39:1 › shows reference research, uncertainty and source links in the brief (2.4s)
  ok 116 [mobile] › tests\browser\lemonade-layout.spec.ts:92:1 › shows a concise generation failure with expandable diagnostics (3.0s)
  ok 117 [mobile] › tests\browser\lemonade-layout.spec.ts:126:1 › minimal prompt and saved preset preserve real role preferences (2.9s)
  ok 118 [mobile] › tests\browser\lemonade-layout.spec.ts:193:1 › minimal task list, source, history and follow-up use the current project (7.4s)
  ok 119 [mobile] › tests\browser\lemonade-layout.spec.ts:275:1 › sending a follow-up preserves the original request and updates the plan once (8.0s)
  ok 120 [mobile] › tests\browser\marketplace-animation.spec.ts:4:1 › dropped animation pack opens all entries, switches real WebGL clips and survives reload (5.6s)
  ok 121 [mobile] › tests\browser\marketplace.spec.ts:4:1 › existing-project asset roles survive follow-up and reload without leaking into new chat (4.7s)
  ok 122 [mobile] › tests\browser\marketplace.spec.ts:100:1 › Marketplace supports saved assets, inspected drag/drop and chat attachment context (6.9s)
  ok 123 [mobile] › tests\browser\marketplace.spec.ts:232:1 › blocked first drops display findings and never become chat attachments (655ms)
  ok 124 [mobile] › tests\browser\polling.spec.ts:3:1 › a slow project poll cannot overlap or restore a project after navigating home (7.8s)
  ok 125 [mobile] › tests\browser\polling.spec.ts:37:1 › slow polls do not overlap and a transient failure clears after recovery (7.7s)
  ok 126 [mobile] › tests\browser\polling.spec.ts:65:1 › a successful poll does not clear an action error (2.3s)
  ok 127 [mobile] › tests\browser\provider-connections.spec.ts:6:1 › catalog stays locked for rejected keys, then two models reuse one validated provider (6.2s)
  ok 128 [mobile] › tests\browser\settings-workspace.spec.ts:38:1 › preset keeps ordered backups, specialist roles and its own budget after reload (4.6s)
  ok 129 [mobile] › tests\browser\settings-workspace.spec.ts:79:1 › Jev is optional non-coding work and cannot become the coding model (5.3s)
  ok 130 [mobile] › tests\browser\settings-workspace.spec.ts:138:1 › creates a named preset and activates it without generation (4.5s)
  ok 131 [mobile] › tests\browser\settings-workspace.spec.ts:172:1 › draft and one-off limit survive opening Models (2.3s)
  ok 132 [mobile] › tests\browser\settings-workspace.spec.ts:211:1 › unsaved preset dismissal keeps saved values (2.6s)
  ok 133 [mobile] › tests\browser\settings-workspace.spec.ts:224:1 › provider catalog loads automatically and persists selected models (6.2s)
  ok 134 [mobile] › tests\browser\settings-workspace.spec.ts:257:1 › provider change clears catalog and matching credentials are reused (4.4s)
  ok 135 [mobile] › tests\browser\settings-workspace.spec.ts:286:1 › strict concept opt-in is saved for Anthropic and cleared when switching models (9.4s)
  ok 136 [mobile] › tests\browser\settings-workspace.spec.ts:337:1 › Models and Presets pages and dialogs pass accessibility and keep actions visible (6.4s)
  ok 137 [mobile] › tests\browser\settings-workspace.spec.ts:382:1 › project-specific preset route survives refresh (1.9s)
  ok 138 [mobile] › tests\browser\settings-workspace.spec.ts:398:1 › Presets is a separate sidebar page directly below Models (3.6s)
  ok 139 [mobile] › tests\browser\studio-connection.spec.ts:5:1 › disconnected projects show setup, offline hides architecture, reconnect opens it (1.3s)
  ok 140 [mobile] › tests\browser\studio-connection.spec.ts:97:1 › a created project checks Studio before showing its architecture (2.3s)
  ok 141 [mobile] › tests\browser\studio-recovery.spec.ts:4:1 › Studio shows unresolved delivery honestly and only cancels undispatched work (9.7s)
  ok 142 [mobile] › tests\browser\surgical-ux.spec.ts:4:1 › pointer and keyboard focus use different shared treatments (399ms)
  ok 143 [mobile] › tests\browser\surgical-ux.spec.ts:9:1 › Question opens, preserves Back choices and custom answers, and leaves a compact receipt (5.4s)
  ok 144 [mobile] › tests\browser\surgical-ux.spec.ts:18:1 › paged browsing preserves scroll, chooses from preview and releases its renderer in a short window (5.3s)
  ok 145 [mobile] › tests\browser\surgical-ux.spec.ts:31:1 › long structured questions scroll while their actions remain reachable (2.3s)
  ok 146 [mobile] › tests\browser\typography.spec.ts:19:1 › system typography requires no external fonts and fits the minimal responsive layout (545ms)
  ok 147 [mobile] › tests\browser\typography.spec.ts:71:1 › workspace typography keeps prose readable and controls usable (4.2s)
  ok 148 [mobile] › tests\browser\ui-polish.spec.ts:5:1 › focused decisions retain choices, support multiple and skip, and save a compact receipt (6.2s)
  ok 149 [mobile] › tests\browser\ui-polish.spec.ts:82:1 › dialog custom input, focus loop, Escape and restored draft work without submission (2.2s)
  ok 150 [mobile] › tests\browser\ui-polish.spec.ts:115:1 › one simple decision stays inline and custom answers remain available (2.2s)
  -  151 [mobile] › tests\browser\ui-polish.spec.ts:135:1 › panel pointer and keyboard resize respect bounds and survive reload
  ok 152 [mobile] › tests\browser\ui-polish.spec.ts:177:1 › inspector, source, Studio, plan and composer stay usable (3.5s)
  ok 153 [mobile] › tests\browser\workflow.spec.ts:6:1 › model dialog traps keyboard focus and restores its launcher (1.7s)
  ok 154 [mobile] › tests\browser\workflow.spec.ts:26:1 › project selection survives refresh and detail controls support keyboard activation (6.3s)
  ok 155 [mobile] › tests\browser\workflow.spec.ts:58:1 › catalog search selects a model and its published rates (2.6s)
  ok 156 [mobile] › tests\browser\workflow.spec.ts:107:1 › welcomes multiple game ideas without generating a preset or claiming a connection (5.0s)
  ok 157 [mobile] › tests\browser\workflow.spec.ts:136:1 › configures provider keys without reflecting secrets or persisting them in browser storage (2.8s)
  ok 158 [mobile] › tests\browser\workflow.spec.ts:182:1 › keeps the model editor open when saving fails (2.5s)
  ok 159 [mobile] › tests\browser\workflow.spec.ts:204:1 › welcome and model settings pass accessibility checks and fit the viewport (1.2s)
  ok 160 [mobile] › tests\browser\workflow.spec.ts:227:1 › builds an approved non-combat project through a real HTTP provider adapter (14.4s)
(node:35892) Warning: The 'NO_COLOR' env is ignored due to the 'FORCE_COLOR' env being set.
(Use `node --trace-warnings ...` to show where the warning was created)
  ok 161 [mobile] › tests\browser\chat-architecture.spec.ts:5:1 › four selected assets leave the conversation and send controls usable in a short window (2.6s)
  ok 162 [mobile] › tests\browser\chat-architecture.spec.ts:53:1 › reviewed node connections persist and do not dispatch generation (7.5s)
  ok 163 [mobile] › tests\browser\chat-architecture.spec.ts:133:1 › chat retains message drafts and opens technical details without losing them (6.7s)
  ok 164 [mobile] › tests\browser\chat-architecture.spec.ts:176:1 › actual imported keyframes move the inline rig and survive refresh (8.8s)


  1) [desktop] › tests\browser\workflow.spec.ts:107:1 › welcomes multiple game ideas without generating a preset or claiming a connection 

    Error: expect(locator).toHaveValue(expected) failed

    Locator: getByLabel('Project request')
    Expected pattern: /farming/
    Timeout: 5000ms
    Error: element(s) not found

    Call log:
      - Expect "toHaveValue" getByLabel('Project request') with timeout 5000ms
      - waiting for getByLabel('Project request')


      119 |   await expect(page.getByLabel("Game idea")).toHaveValue(/farming/);
      120 |   await page.getByRole("button", { name: "Create project" }).click();
    > 121 |   await expect(page.getByLabel("Project request")).toHaveValue(/farming/);
          |                                                    ^
      122 |   await page.getByRole("button", { name: "Plan this game" }).click();
      123 |   await expect(page.getByRole("alert")).toContainText("Configure");
      124 |   await page
        at D:\RobloxProjects\Roblox Gen\tests\browser\workflow.spec.ts:121:52

    Error Context: test-results\workflow-welcomes-multiple-44c85-et-or-claiming-a-connection-desktop\error-context.md

    attachment #2: trace (application/zip) ─────────────────────────────────────────────────────────
    test-results\workflow-welcomes-multiple-44c85-et-or-claiming-a-connection-desktop\trace.zip
    Usage:

        npx playwright show-trace test-results\workflow-welcomes-multiple-44c85-et-or-claiming-a-connection-desktop\trace.zip

    ────────────────────────────────────────────────────────────────────────────────────────────────

  1 failed
    [desktop] › tests\browser\workflow.spec.ts:107:1 › welcomes multiple game ideas without generating a preset or claiming a connection 
  1 skipped
  162 passed (11.2m)
